"Data Present: 220711 Tet MIC at 156, 78, 39 and 0 ng/mL.",,,,,,,,,,,,,,,,,,,,,,,,,,,,,
Tet conc.,156 ng/mL,156 ng/mL,156 ng/mL,156 ng/mL,156 ng/mL,,,Tet conc.,78 ng/mL,78 ng/mL,78 ng/mL,78 ng/mL,78 ng/mL,,,Tet conc.,39 ng/mL,39 ng/mL,39 ng/mL,39 ng/mL,39 ng/mL,,,Tet conc.,0 ng/mL,0 ng/mL,0 ng/mL,0 ng/mL,0 ng/mL
Strain ID,JOE7059,JOE7060,JOE7061,JOE7062,JOE7063,,,Strain ID,JOE7059,JOE7060,JOE7061,JOE7062,JOE7063,,,Strain ID,JOE7059,JOE7060,JOE7061,JOE7062,JOE7063,,,Strain ID,JOE7059,JOE7060,JOE7061,JOE7062,JOE7063
E. coli sp.,BL21,BL21,BL21,BL21,BL21,,,E. coli sp.,BL21,BL21,BL21,BL21,BL21,,,E. coli sp.,BL21,BL21,BL21,BL21,BL21,,,E. coli sp.,BL21,BL21,BL21,BL21,BL21
Mutations,Δ7,Δ7,Δ7,Δ7,Δ7,,,Mutations,Δ7,Δ7,Δ7,Δ7,Δ7,,,Mutations,Δ7,Δ7,Δ7,Δ7,Δ7,,,Mutations,Δ7,Δ7,Δ7,Δ7,Δ7
Time,C7,C8,C9,C10,C11,,,,D7,D8,D9,D10,D11,,,,E7,E8,E9,E10,E11,,,,H7,H8,H9,H10,H11
0:00,0.098,0.097,0.094,0.1,0.102,,,,0.097,0.097,0.097,0.098,0.099,,,,0.097,0.098,0.097,0.1,0.101,,,,0.095,0.089,0.097,0.097,0.098
0:29,0.098,0.097,0.094,0.1,0.103,,,,0.097,0.097,0.097,0.098,0.1,,,,0.097,0.098,0.098,0.1,0.102,,,,0.096,0.09,0.097,0.097,0.1
0:59,0.098,0.097,0.094,0.1,0.101,,,,0.097,0.097,0.098,0.099,0.101,,,,0.097,0.099,0.098,0.1,0.103,,,,0.098,0.09,0.098,0.098,0.103
1:29,0.098,0.097,0.094,0.102,0.103,,,,0.097,0.097,0.098,0.099,0.102,,,,0.097,0.099,0.098,0.1,0.105,,,,0.097,0.091,0.099,0.099,0.108
1:59,0.098,0.098,0.094,0.099,0.103,,,,0.098,0.098,0.098,0.099,0.102,,,,0.098,0.099,0.099,0.1,0.107,,,,0.098,0.091,0.101,0.099,0.117
2:29,0.098,0.098,0.094,0.1,0.103,,,,0.098,0.098,0.098,0.099,0.103,,,,0.1,0.1,0.1,0.101,0.109,,,,0.099,0.092,0.105,0.102,0.134
2:59,0.098,0.098,0.094,0.1,0.104,,,,0.099,0.098,0.098,0.099,0.105,,,,0.101,0.102,0.101,0.102,0.112,,,,0.102,0.095,0.112,0.106,0.162
3:29,0.098,0.098,0.094,0.1,0.104,,,,0.099,0.099,0.099,0.1,0.106,,,,0.102,0.103,0.102,0.103,0.115,,,,0.106,0.098,0.122,0.113,0.201
3:59,0.099,0.099,0.095,0.1,0.105,,,,0.1,0.099,0.099,0.1,0.108,,,,0.105,0.105,0.104,0.104,0.12,,,,0.115,0.103,0.139,0.124,0.246
4:29,0.099,0.099,0.095,0.101,0.106,,,,0.101,0.1,0.1,0.1,0.11,,,,0.108,0.107,0.106,0.105,0.126,,,,0.123,0.111,0.163,0.14,0.286
4:59,0.099,0.099,0.095,0.101,0.107,,,,0.102,0.101,0.101,0.101,0.112,,,,0.112,0.111,0.109,0.107,0.134,,,,0.132,0.121,0.191,0.162,0.34
5:29,0.1,0.1,0.095,0.101,0.108,,,,0.103,0.102,0.102,0.102,0.115,,,,0.117,0.115,0.112,0.109,0.144,,,,0.143,0.132,0.217,0.187,0.405
5:59,0.1,0.1,0.095,0.101,0.108,,,,0.105,0.103,0.103,0.102,0.119,,,,0.123,0.121,0.117,0.112,0.159,,,,0.153,0.146,0.243,0.212,0.471
6:29,0.1,0.101,0.096,0.101,0.109,,,,0.107,0.105,0.104,0.103,0.123,,,,0.132,0.128,0.123,0.116,0.178,,,,0.169,0.162,0.286,0.241,0.544
6:59,0.101,0.101,0.096,0.101,0.11,,,,0.109,0.106,0.109,0.104,0.127,,,,0.142,0.138,0.132,0.121,0.202,,,,0.194,0.186,0.349,0.286,0.623
7:29,0.101,0.102,0.096,0.103,0.112,,,,0.112,0.108,0.11,0.106,0.134,,,,0.158,0.151,0.142,0.128,0.231,,,,0.217,0.219,0.426,0.349,0.725
7:59,0.102,0.102,0.097,0.104,0.114,,,,0.115,0.111,0.111,0.107,0.142,,,,0.177,0.168,0.157,0.136,0.271,,,,0.25,0.258,0.492,0.421,0.784
8:29,0.103,0.103,0.097,0.102,0.114,,,,0.119,0.114,0.114,0.109,0.152,,,,0.206,0.192,0.176,0.149,0.32,,,,0.289,0.304,0.584,0.507,0.827
8:59,0.103,0.104,0.098,0.103,0.116,,,,0.124,0.118,0.117,0.111,0.164,,,,0.24,0.223,0.202,0.163,0.378,,,,0.348,0.352,0.685,0.588,0.865
9:29,0.104,0.105,0.098,0.102,0.118,,,,0.131,0.122,0.122,0.114,0.179,,,,0.282,0.26,0.234,0.184,0.457,,,,0.379,0.414,0.804,0.693,0.907
9:59,0.106,0.106,0.099,0.103,0.12,,,,0.138,0.128,0.127,0.116,0.196,,,,0.337,0.309,0.275,0.21,0.535,,,,0.406,0.481,0.859,0.812,0.948
10:29,0.107,0.107,0.099,0.103,0.122,,,,0.148,0.134,0.134,0.12,0.216,,,,0.405,0.37,0.327,0.245,0.604,,,,0.431,0.515,0.925,0.876,0.978
10:59,0.108,0.109,0.1,0.104,0.125,,,,0.159,0.142,0.142,0.125,0.24,,,,0.49,0.443,0.392,0.285,0.717,,,,0.458,0.545,0.963,0.922,0.989
11:29,0.109,0.109,0.101,0.105,0.127,,,,0.173,0.152,0.152,0.13,0.27,,,,0.549,0.521,0.466,0.338,0.769,,,,0.484,0.58,1.013,0.969,1.004
11:59,0.11,0.111,0.101,0.104,0.13,,,,0.19,0.163,0.163,0.137,0.301,,,,0.629,0.59,0.542,0.403,0.817,,,,0.501,0.613,1.054,1.012,1.017
12:29,0.112,0.113,0.103,0.107,0.135,,,,0.208,0.175,0.178,0.144,0.342,,,,0.73,0.72,0.615,0.488,0.86,,,,0.508,0.629,1.06,1.033,1.029
12:59,0.113,0.114,0.104,0.105,0.138,,,,0.233,0.193,0.194,0.154,0.39,,,,0.783,0.757,0.734,0.546,0.908,,,,0.524,0.654,1.099,1.072,1.063
13:29,0.116,0.117,0.105,0.107,0.142,,,,0.258,0.213,0.214,0.164,0.447,,,,0.829,0.806,0.779,0.618,0.947,,,,0.533,0.663,1.111,1.09,1.067
13:59,0.118,0.119,0.106,0.107,0.147,,,,0.291,0.235,0.239,0.177,0.509,,,,0.875,0.851,0.829,0.721,0.98,,,,0.544,0.678,1.125,1.103,1.084
14:29,0.12,0.122,0.108,0.109,0.153,,,,0.329,0.262,0.265,0.193,0.567,,,,0.923,0.896,0.875,0.76,1,,,,0.551,0.688,1.142,1.116,1.089
14:59,0.124,0.124,0.109,0.109,0.16,,,,0.372,0.292,0.298,0.211,0.671,,,,0.962,0.947,0.919,0.805,1.019,,,,0.56,0.698,1.151,1.131,1.093
15:29,0.127,0.127,0.111,0.11,0.167,,,,0.429,0.328,0.336,0.233,0.697,,,,0.99,0.978,0.966,0.844,1.037,,,,0.565,0.709,1.172,1.146,1.099
15:59,0.131,0.131,0.113,0.111,0.176,,,,0.477,0.37,0.381,0.258,0.73,,,,1.009,0.997,0.993,0.888,1.057,,,,0.572,0.717,1.184,1.16,1.11
16:29,0.135,0.135,0.116,0.113,0.186,,,,0.529,0.417,0.434,0.288,0.766,,,,1.026,1.013,1.011,0.928,1.078,,,,0.577,0.726,1.195,1.172,1.117
16:59,0.14,0.139,0.118,0.114,0.197,,,,0.581,0.469,0.483,0.323,0.799,,,,1.044,1.028,1.028,0.966,1.099,,,,0.582,0.731,1.2,1.183,1.118
17:29,0.145,0.144,0.121,0.116,0.208,,,,0.675,0.519,0.533,0.363,0.833,,,,1.062,1.044,1.044,0.977,1.115,,,,0.585,0.736,1.205,1.188,1.125
17:59,0.151,0.149,0.125,0.117,0.22,,,,0.696,0.567,0.586,0.411,0.871,,,,1.081,1.059,1.06,0.991,1.13,,,,0.587,0.738,1.211,1.196,1.134
18:29,0.159,0.155,0.128,0.118,0.235,,,,0.727,0.674,0.664,0.453,0.908,,,,1.101,1.077,1.079,1.005,1.142,,,,0.59,0.743,1.213,1.202,1.141
18:59,0.166,0.161,0.133,0.12,0.25,,,,0.764,0.688,0.686,0.499,0.931,,,,1.119,1.095,1.096,1.019,1.154,,,,0.591,0.743,1.217,1.205,1.135
19:29,0.175,0.168,0.138,0.123,0.27,,,,0.799,0.713,0.716,0.545,0.947,,,,1.134,1.113,1.115,1.033,1.165,,,,0.598,0.749,1.22,1.209,1.144
19:59,0.184,0.176,0.143,0.124,0.288,,,,0.832,0.742,0.757,0.633,0.96,,,,1.146,1.125,1.131,1.046,1.172,,,,0.598,0.745,1.227,1.211,1.133
20:29,0.196,0.184,0.15,0.129,0.313,,,,0.87,0.779,0.786,0.65,0.975,,,,1.154,1.135,1.143,1.059,1.181,,,,0.596,0.742,1.223,1.21,1.138
20:59,0.209,0.194,0.157,0.131,0.34,,,,0.917,0.815,0.82,0.676,0.992,,,,1.169,1.149,1.158,1.079,1.194,,,,0.596,0.756,1.23,1.224,1.145
21:29,0.222,0.204,0.165,0.133,0.372,,,,0.929,0.846,0.857,0.704,1.006,,,,1.177,1.158,1.168,1.094,1.208,,,,0.597,0.756,1.231,1.231,1.147
21:59,0.239,0.217,0.174,0.137,0.404,,,,0.942,0.88,0.895,0.739,1.019,,,,1.196,1.166,1.176,1.104,1.218,,,,0.595,0.753,1.228,1.228,1.14
22:29,0.257,0.229,0.183,0.141,0.435,,,,0.954,0.914,0.907,0.77,1.032,,,,1.207,1.186,1.184,1.114,1.221,,,,0.594,0.75,1.227,1.228,1.141
22:59,0.28,0.244,0.196,0.147,0.472,,,,0.967,0.93,0.918,0.8,1.043,,,,1.208,1.193,1.205,1.122,1.222,,,,0.591,0.753,1.226,1.227,1.144
23:29,0.303,0.261,0.209,0.151,0.515,,,,0.978,0.938,0.929,0.833,1.053,,,,1.206,1.193,1.209,1.13,1.222,,,,0.589,0.748,1.22,1.226,1.139
23:59,0.329,0.281,0.225,0.157,0.585,,,,0.989,0.947,0.94,0.855,1.063,,,,1.206,1.191,1.209,1.145,1.222,,,,0.587,0.747,1.22,1.222,1.142
,,,,,,,,,,,,,,,,,,,,,,,,,,,,,
,,,,,,,,,,,,,,,,,,,,,,,,,,,,,
"Data Present: 220714 Tet MIC at 156, 78, 39 and 0 ng/mL.",,,,,,,,,,,,,,,,,,,,,,,,,,,,,
Tet conc.,156 ng/mL,156 ng/mL,156 ng/mL,156 ng/mL,156 ng/mL,,,Tet conc.,78 ng/mL,78 ng/mL,78 ng/mL,78 ng/mL,78 ng/mL,,,Tet conc.,39 ng/mL,39 ng/mL,39 ng/mL,39 ng/mL,39 ng/mL,,,Tet conc.,0 ng/mL,0 ng/mL,0 ng/mL,0 ng/mL,0 ng/mL
Strain ID,JOE7059,JOE7060,JOE7061,JOE7062,JOE7063,,,Strain ID,JOE7059,JOE7060,JOE7061,JOE7062,JOE7063,,,Strain ID,JOE7059,JOE7060,JOE7061,JOE7062,JOE7063,,,Strain ID,JOE7059,JOE7060,JOE7061,JOE7062,JOE7063
E. coli sp.,BL21,BL21,BL21,BL21,BL21,,,E. coli sp.,BL21,BL21,BL21,BL21,BL21,,,E. coli sp.,BL21,BL21,BL21,BL21,BL21,,,E. coli sp.,BL21,BL21,BL21,BL21,BL21
Mutations,Δ7,Δ7,Δ7,Δ7,Δ7,,,Mutations,Δ7,Δ7,Δ7,Δ7,Δ7,,,Mutations,Δ7,Δ7,Δ7,Δ7,Δ7,,,Mutations,Δ7,Δ7,Δ7,Δ7,Δ7
Time,C7,C8,C9,C10,C11,,,,D7,D8,D9,D10,D11,,,,E7,E8,E9,E10,E11,,,,H7,H8,H9,H10,H11
0:00,0.091,0.089,0.089,0.091,0.09,,,,0.09,0.091,0.092,0.091,0.09,,,,0.093,0.092,0.092,0.092,0.091,,,,0.098,0.099,0.091,0.091,0.091
0:29,0.091,0.089,0.089,0.091,0.09,,,,0.09,0.091,0.092,0.091,0.091,,,,0.094,0.091,0.092,0.092,0.092,,,,0.099,0.099,0.091,0.091,0.091
0:59,0.091,0.089,0.09,0.091,0.091,,,,0.09,0.091,0.093,0.091,0.091,,,,0.094,0.091,0.093,0.092,0.092,,,,0.097,0.099,0.092,0.091,0.092
1:29,0.092,0.089,0.09,0.092,0.091,,,,0.09,0.092,0.094,0.092,0.092,,,,0.095,0.092,0.094,0.093,0.093,,,,0.099,0.1,0.093,0.092,0.093
1:59,0.092,0.09,0.09,0.092,0.091,,,,0.091,0.091,0.094,0.092,0.092,,,,0.096,0.093,0.095,0.094,0.095,,,,0.102,0.101,0.095,0.094,0.094
2:29,0.093,0.09,0.091,0.092,0.091,,,,0.092,0.092,0.095,0.093,0.093,,,,0.097,0.093,0.096,0.094,0.096,,,,0.103,0.103,0.098,0.096,0.097
2:59,0.093,0.09,0.091,0.092,0.092,,,,0.093,0.092,0.095,0.094,0.094,,,,0.098,0.094,0.098,0.096,0.097,,,,0.107,0.106,0.102,0.099,0.101
3:29,0.094,0.09,0.091,0.093,0.092,,,,0.094,0.093,0.097,0.094,0.095,,,,0.1,0.095,0.099,0.097,0.099,,,,0.112,0.112,0.109,0.103,0.108
3:59,0.094,0.091,0.092,0.093,0.092,,,,0.095,0.093,0.098,0.095,0.096,,,,0.102,0.096,0.102,0.1,0.102,,,,0.121,0.12,0.122,0.112,0.121
4:29,0.095,0.091,0.092,0.093,0.093,,,,0.096,0.094,0.1,0.096,0.097,,,,0.105,0.099,0.107,0.102,0.106,,,,0.137,0.134,0.139,0.125,0.14
4:59,0.096,0.091,0.093,0.094,0.094,,,,0.098,0.096,0.101,0.097,0.099,,,,0.109,0.101,0.112,0.105,0.111,,,,0.16,0.154,0.165,0.143,0.166
5:29,0.097,0.092,0.094,0.094,0.094,,,,0.1,0.097,0.103,0.099,0.101,,,,0.115,0.104,0.119,0.11,0.118,,,,0.197,0.178,0.199,0.167,0.201
5:59,0.097,0.092,0.094,0.095,0.095,,,,0.102,0.098,0.106,0.1,0.103,,,,0.122,0.108,0.128,0.116,0.127,,,,0.245,0.206,0.237,0.197,0.232
6:29,0.099,0.092,0.095,0.096,0.096,,,,0.106,0.1,0.11,0.102,0.105,,,,0.132,0.114,0.139,0.123,0.137,,,,0.297,0.226,0.251,0.218,0.229
6:59,0.099,0.093,0.096,0.096,0.097,,,,0.109,0.102,0.113,0.105,0.109,,,,0.144,0.12,0.154,0.133,0.15,,,,0.316,0.229,0.236,0.22,0.21
7:29,0.101,0.093,0.097,0.098,0.098,,,,0.113,0.104,0.118,0.108,0.112,,,,0.16,0.127,0.169,0.144,0.165,,,,0.344,0.222,0.231,0.208,0.203
7:59,0.102,0.094,0.098,0.097,0.098,,,,0.119,0.107,0.124,0.111,0.117,,,,0.182,0.138,0.193,0.159,0.186,,,,0.358,0.218,0.231,0.207,0.195
8:29,0.104,0.095,0.099,0.098,0.099,,,,0.127,0.111,0.13,0.116,0.122,,,,0.209,0.152,0.224,0.181,0.214,,,,0.367,0.222,0.24,0.216,0.206
8:59,0.105,0.096,0.1,0.099,0.101,,,,0.134,0.115,0.139,0.121,0.129,,,,0.245,0.169,0.261,0.206,0.247,,,,0.392,0.227,0.261,0.219,0.206
9:29,0.107,0.097,0.101,0.1,0.102,,,,0.146,0.12,0.149,0.127,0.136,,,,0.285,0.188,0.301,0.236,0.28,,,,0.411,0.233,0.261,0.22,0.21
9:59,0.109,0.098,0.103,0.101,0.104,,,,0.158,0.126,0.162,0.134,0.146,,,,0.333,0.213,0.349,0.271,0.319,,,,0.43,0.244,0.269,0.227,0.214
10:29,0.112,0.099,0.105,0.102,0.105,,,,0.174,0.134,0.177,0.143,0.158,,,,0.392,0.242,0.406,0.309,0.363,,,,0.459,0.245,0.281,0.24,0.222
10:59,0.115,0.1,0.106,0.104,0.107,,,,0.192,0.142,0.195,0.154,0.172,,,,0.463,0.275,0.474,0.359,0.42,,,,0.497,0.252,0.294,0.25,0.23
11:29,0.118,0.101,0.108,0.105,0.109,,,,0.213,0.151,0.215,0.166,0.189,,,,0.535,0.314,0.538,0.414,0.469,,,,0.515,0.255,0.305,0.252,0.238
11:59,0.121,0.102,0.111,0.106,0.112,,,,0.238,0.164,0.241,0.183,0.21,,,,0.593,0.361,0.59,0.478,0.536,,,,0.561,0.264,0.328,0.27,0.247
12:29,0.126,0.104,0.113,0.108,0.114,,,,0.271,0.179,0.273,0.201,0.234,,,,0.671,0.428,0.669,0.559,0.597,,,,0.611,0.286,0.35,0.281,0.263
12:59,0.13,0.106,0.116,0.11,0.117,,,,0.308,0.196,0.308,0.224,0.261,,,,0.769,0.492,0.757,0.616,0.663,,,,0.634,0.303,0.379,0.312,0.276
13:29,0.136,0.108,0.12,0.113,0.12,,,,0.353,0.216,0.352,0.249,0.294,,,,0.81,0.562,0.801,0.688,0.745,,,,0.66,0.32,0.41,0.326,0.293
13:59,0.141,0.111,0.124,0.115,0.124,,,,0.404,0.239,0.402,0.279,0.335,,,,0.853,0.621,0.846,0.775,0.806,,,,0.683,0.344,0.441,0.349,0.312
14:29,0.148,0.113,0.128,0.118,0.128,,,,0.467,0.265,0.459,0.316,0.381,,,,0.885,0.691,0.879,0.809,0.849,,,,0.709,0.358,0.482,0.371,0.324
14:59,0.156,0.116,0.134,0.121,0.133,,,,0.518,0.298,0.512,0.357,0.436,,,,0.913,0.781,0.906,0.855,0.874,,,,0.732,0.39,0.52,0.398,0.345
15:29,0.164,0.119,0.139,0.124,0.139,,,,0.568,0.335,0.561,0.405,0.491,,,,0.95,0.818,0.942,0.888,0.903,,,,0.749,0.418,0.564,0.427,0.367
15:59,0.174,0.123,0.145,0.128,0.144,,,,0.63,0.379,0.619,0.464,0.543,,,,0.985,0.856,0.971,0.908,0.936,,,,0.766,0.446,0.6,0.478,0.399
16:29,0.185,0.126,0.152,0.132,0.151,,,,0.699,0.427,0.698,0.51,0.593,,,,0.997,0.888,0.987,0.933,0.963,,,,0.78,0.477,0.612,0.489,0.432
16:59,0.197,0.129,0.16,0.137,0.159,,,,0.728,0.479,0.723,0.558,0.675,,,,1.003,0.903,0.997,0.96,0.979,,,,0.784,0.496,0.628,0.549,0.445
17:29,0.211,0.135,0.17,0.143,0.166,,,,0.764,0.531,0.759,0.617,0.725,,,,1.023,0.943,1.016,0.996,1.005,,,,0.817,0.558,0.657,0.564,0.487
17:59,0.226,0.14,0.18,0.15,0.176,,,,0.796,0.579,0.793,0.701,0.756,,,,1.037,0.971,1.031,1.007,1.015,,,,0.83,0.577,0.669,0.617,0.517
18:29,0.242,0.146,0.191,0.156,0.187,,,,0.822,0.637,0.821,0.721,0.791,,,,1.046,1.004,1.042,1.015,1.027,,,,0.845,0.601,0.681,0.634,0.538
18:59,0.262,0.153,0.204,0.164,0.199,,,,0.848,0.708,0.841,0.748,0.818,,,,1.063,1.01,1.057,1.027,1.043,,,,0.858,0.615,0.695,0.646,0.559
19:29,0.284,0.16,0.219,0.173,0.212,,,,0.871,0.731,0.865,0.777,0.84,,,,1.067,1.018,1.062,1.033,1.051,,,,0.861,0.636,0.704,0.661,0.571
19:59,0.308,0.168,0.236,0.182,0.227,,,,0.897,0.757,0.891,0.804,0.864,,,,1.075,1.026,1.07,1.043,1.057,,,,0.864,0.641,0.721,0.66,0.584
20:29,0.335,0.177,0.254,0.193,0.243,,,,0.904,0.786,0.898,0.827,0.894,,,,1.079,1.032,1.076,1.051,1.064,,,,0.868,0.65,0.728,0.67,0.59
20:59,0.366,0.188,0.275,0.206,0.262,,,,0.909,0.809,0.906,0.842,0.91,,,,1.084,1.038,1.077,1.058,1.071,,,,0.872,0.66,0.744,0.68,0.597
21:29,0.403,0.198,0.298,0.219,0.283,,,,0.914,0.828,0.911,0.865,0.915,,,,1.086,1.041,1.088,1.065,1.074,,,,0.875,0.672,0.751,0.688,0.607
21:59,0.424,0.209,0.326,0.234,0.306,,,,0.921,0.843,0.918,0.876,0.919,,,,1.089,1.042,1.083,1.061,1.075,,,,0.872,0.678,0.764,0.681,0.607
22:29,0.454,0.227,0.356,0.254,0.333,,,,0.934,0.869,0.931,0.888,0.933,,,,1.1,1.062,1.095,1.078,1.092,,,,0.886,0.699,0.78,0.708,0.632
22:59,0.484,0.243,0.392,0.273,0.365,,,,0.942,0.883,0.939,0.891,0.941,,,,1.1,1.069,1.099,1.08,1.095,,,,0.888,0.708,0.787,0.718,0.64
23:29,0.52,0.26,0.418,0.297,0.396,,,,0.95,0.893,0.949,0.897,0.95,,,,1.108,1.074,1.103,1.084,1.1,,,,0.891,0.72,0.79,0.73,0.654
23:59,0.559,0.281,0.448,0.324,0.423,,,,0.957,0.896,0.956,0.903,0.957,,,,1.109,1.076,1.105,1.089,1.106,,,,0.892,0.737,0.794,0.742,0.663
,,,,,,,,,,,,,,,,,,,,,,,,,,,,,
,,,,,,,,,,,,,,,,,,,,,,,,,,,,,
"Data Present: 220719 Tet MIC at 156, 78, 39 and 0 ng/mL.",,,,,,,,,,,,,,,,,,,,,,,,,,,,,
Tet conc.,156 ng/mL,156 ng/mL,156 ng/mL,156 ng/mL,156 ng/mL,,,Tet conc.,78 ng/mL,78 ng/mL,78 ng/mL,78 ng/mL,78 ng/mL,,,Tet conc.,39 ng/mL,39 ng/mL,39 ng/mL,39 ng/mL,39 ng/mL,,,Tet conc.,0 ng/mL,0 ng/mL,0 ng/mL,0 ng/mL,0 ng/mL
Strain ID,JOE7059,JOE7060,JOE7061,JOE7062,JOE7063,,,Strain ID,JOE7059,JOE7060,JOE7061,JOE7062,JOE7063,,,Strain ID,JOE7059,JOE7060,JOE7061,JOE7062,JOE7063,,,Strain ID,JOE7059,JOE7060,JOE7061,JOE7062,JOE7063
E. coli sp.,BL21,BL21,BL21,BL21,BL21,,,E. coli sp.,BL21,BL21,BL21,BL21,BL21,,,E. coli sp.,BL21,BL21,BL21,BL21,BL21,,,E. coli sp.,BL21,BL21,BL21,BL21,BL21
Mutations,Δ7,Δ7,Δ7,Δ7,Δ7,,,Mutations,Δ7,Δ7,Δ7,Δ7,Δ7,,,Mutations,Δ7,Δ7,Δ7,Δ7,Δ7,,,Mutations,Δ7,Δ7,Δ7,Δ7,Δ7
Time,C7,C8,C9,C10,C11,,,,D7,D8,D9,D10,D11,,,,E7,E8,E9,E10,E11,,,,H7,H8,H9,H10,H11
0:00,0.096,0.094,0.097,0.096,0.097,,,,0.094,0.093,0.096,0.096,0.096,,,,0.092,0.095,0.096,0.097,0.098,,,,0.099,0.103,0.099,0.099,0.094
0:29,0.096,0.094,0.097,0.096,0.097,,,,0.094,0.093,0.097,0.096,0.096,,,,0.092,0.096,0.096,0.097,0.097,,,,0.1,0.103,0.1,0.099,0.094
0:59,0.096,0.094,0.098,0.096,0.097,,,,0.094,0.093,0.097,0.097,0.096,,,,0.093,0.096,0.096,0.098,0.098,,,,0.1,0.104,0.1,0.099,0.095
1:29,0.097,0.095,0.098,0.097,0.098,,,,0.095,0.094,0.097,0.097,0.097,,,,0.093,0.097,0.097,0.099,0.098,,,,0.1,0.105,0.101,0.1,0.096
1:59,0.097,0.095,0.099,0.097,0.098,,,,0.096,0.095,0.098,0.098,0.098,,,,0.094,0.098,0.098,0.099,0.1,,,,0.101,0.105,0.102,0.102,0.098
2:29,0.098,0.096,0.1,0.098,0.098,,,,0.097,0.095,0.099,0.099,0.099,,,,0.095,0.099,0.099,0.1,0.102,,,,0.103,0.108,0.104,0.105,0.101
2:59,0.098,0.096,0.099,0.098,0.099,,,,0.098,0.096,0.1,0.1,0.1,,,,0.097,0.101,0.101,0.103,0.104,,,,0.107,0.114,0.108,0.107,0.106
3:29,0.099,0.097,0.1,0.099,0.1,,,,0.099,0.098,0.102,0.101,0.101,,,,0.1,0.104,0.104,0.105,0.107,,,,0.113,0.122,0.115,0.113,0.116
3:59,0.099,0.097,0.101,0.099,0.1,,,,0.101,0.099,0.103,0.103,0.103,,,,0.103,0.109,0.108,0.11,0.114,,,,0.122,0.137,0.127,0.124,0.133
4:29,0.101,0.098,0.102,0.101,0.101,,,,0.103,0.102,0.106,0.105,0.106,,,,0.108,0.114,0.114,0.116,0.121,,,,0.137,0.154,0.145,0.141,0.157
4:59,0.102,0.099,0.103,0.102,0.102,,,,0.106,0.105,0.109,0.108,0.11,,,,0.115,0.122,0.122,0.124,0.132,,,,0.161,0.182,0.171,0.166,0.189
5:29,0.102,0.1,0.104,0.102,0.103,,,,0.11,0.108,0.113,0.112,0.114,,,,0.127,0.135,0.134,0.137,0.148,,,,0.202,0.222,0.215,0.203,0.235
5:59,0.104,0.101,0.106,0.104,0.105,,,,0.115,0.113,0.118,0.117,0.12,,,,0.141,0.15,0.151,0.154,0.168,,,,0.256,0.265,0.264,0.252,0.272
6:29,0.106,0.103,0.107,0.105,0.106,,,,0.122,0.12,0.126,0.124,0.127,,,,0.16,0.173,0.173,0.176,0.196,,,,0.309,0.314,0.315,0.297,0.317
6:59,0.108,0.105,0.11,0.108,0.109,,,,0.13,0.128,0.134,0.132,0.136,,,,0.187,0.202,0.203,0.208,0.231,,,,0.377,0.379,0.38,0.355,0.384
7:29,0.111,0.107,0.112,0.11,0.111,,,,0.142,0.138,0.146,0.144,0.149,,,,0.222,0.239,0.241,0.248,0.275,,,,0.446,0.451,0.449,0.425,0.453
7:59,0.113,0.109,0.115,0.113,0.114,,,,0.156,0.152,0.162,0.158,0.165,,,,0.267,0.289,0.293,0.301,0.333,,,,0.527,0.524,0.528,0.494,0.526
8:29,0.117,0.113,0.119,0.116,0.117,,,,0.175,0.17,0.183,0.177,0.186,,,,0.328,0.354,0.36,0.369,0.405,,,,0.605,0.609,0.608,0.58,0.608
8:59,0.122,0.116,0.123,0.12,0.122,,,,0.2,0.193,0.209,0.202,0.214,,,,0.404,0.433,0.436,0.448,0.478,,,,0.724,0.725,0.729,0.672,0.728
9:29,0.127,0.121,0.129,0.125,0.127,,,,0.23,0.221,0.241,0.232,0.246,,,,0.479,0.511,0.513,0.527,0.553,,,,0.77,0.777,0.777,0.755,0.784
9:59,0.134,0.126,0.136,0.131,0.134,,,,0.273,0.26,0.286,0.274,0.291,,,,0.558,0.592,0.596,0.611,0.636,,,,0.826,0.83,0.832,0.809,0.83
10:29,0.142,0.133,0.144,0.137,0.142,,,,0.326,0.31,0.344,0.327,0.348,,,,0.656,0.717,0.716,0.735,0.743,,,,0.877,0.882,0.878,0.857,0.879
10:59,0.152,0.141,0.154,0.146,0.151,,,,0.391,0.369,0.412,0.392,0.413,,,,0.74,0.769,0.771,0.788,0.799,,,,0.927,0.93,0.929,0.899,0.918
11:29,0.163,0.15,0.167,0.156,0.163,,,,0.469,0.439,0.491,0.471,0.49,,,,0.793,0.817,0.822,0.836,0.847,,,,0.965,0.97,0.965,0.948,0.953
11:59,0.177,0.162,0.181,0.169,0.178,,,,0.529,0.513,0.554,0.535,0.551,,,,0.84,0.863,0.867,0.881,0.9,,,,0.991,0.993,0.992,0.974,0.983
12:29,0.194,0.174,0.2,0.183,0.195,,,,0.6,0.579,0.634,0.602,0.64,,,,0.894,0.917,0.916,0.932,0.937,,,,1,1.002,1.004,0.992,0.988
12:59,0.215,0.191,0.221,0.2,0.215,,,,0.69,0.687,0.707,0.696,0.706,,,,0.934,0.953,0.952,0.968,0.971,,,,1.016,1.02,1.02,1.009,1.002
13:29,0.238,0.21,0.245,0.22,0.24,,,,0.737,0.725,0.754,0.738,0.755,,,,0.967,0.982,0.982,0.996,0.994,,,,1.035,1.038,1.036,1.026,1.038
13:59,0.266,0.231,0.275,0.243,0.269,,,,0.776,0.769,0.794,0.778,0.794,,,,0.986,0.998,0.998,1.016,1.01,,,,1.051,1.053,1.051,1.04,1.051
14:29,0.299,0.257,0.309,0.271,0.303,,,,0.816,0.809,0.834,0.817,0.837,,,,1.003,1.014,1.014,1.031,1.032,,,,1.064,1.068,1.067,1.053,1.062
14:59,0.337,0.288,0.35,0.305,0.343,,,,0.872,0.853,0.886,0.871,0.883,,,,1.021,1.03,1.031,1.049,1.051,,,,1.077,1.077,1.079,1.064,1.075
15:29,0.381,0.324,0.397,0.344,0.39,,,,0.905,0.899,0.916,0.904,0.911,,,,1.04,1.047,1.051,1.063,1.071,,,,1.088,1.092,1.092,1.079,1.086
15:59,0.434,0.365,0.45,0.387,0.445,,,,0.927,0.927,0.935,0.928,0.93,,,,1.061,1.066,1.068,1.083,1.09,,,,1.097,1.099,1.1,1.087,1.095
16:29,0.48,0.417,0.499,0.438,0.495,,,,0.944,0.943,0.95,0.943,0.947,,,,1.079,1.082,1.084,1.097,1.103,,,,1.101,1.104,1.102,1.091,1.102
16:59,0.529,0.465,0.546,0.483,0.544,,,,0.962,0.959,0.968,0.96,0.965,,,,1.093,1.094,1.097,1.111,1.118,,,,1.106,1.107,1.107,1.097,1.104
17:29,0.592,0.513,0.635,0.531,0.636,,,,0.98,0.976,0.986,0.978,0.985,,,,1.109,1.111,1.113,1.127,1.131,,,,1.115,1.119,1.119,1.11,1.117
17:59,0.639,0.565,0.652,0.581,0.655,,,,0.995,0.99,1,0.993,1.003,,,,1.122,1.12,1.124,1.138,1.142,,,,1.121,1.126,1.123,1.116,1.122
18:29,0.663,0.629,0.678,0.644,0.686,,,,1.012,1.005,1.018,1.007,1.023,,,,1.129,1.128,1.132,1.146,1.151,,,,1.124,1.129,1.129,1.122,1.127
18:59,0.691,0.651,0.708,0.664,0.719,,,,1.03,1.02,1.036,1.023,1.039,,,,1.14,1.137,1.139,1.155,1.159,,,,1.141,1.13,1.144,1.124,1.131
19:29,0.725,0.678,0.74,0.688,0.749,,,,1.044,1.037,1.049,1.037,1.053,,,,1.157,1.142,1.161,1.174,1.166,,,,1.139,1.143,1.144,1.136,1.143
19:59,0.757,0.71,0.772,0.719,0.78,,,,1.056,1.049,1.061,1.049,1.063,,,,1.167,1.162,1.165,1.18,1.183,,,,1.136,1.141,1.142,1.134,1.143
20:29,0.788,0.739,0.815,0.75,0.826,,,,1.066,1.059,1.07,1.059,1.073,,,,1.17,1.165,1.165,1.178,1.188,,,,1.132,1.137,1.136,1.131,1.141
20:59,0.834,0.77,0.842,0.782,0.852,,,,1.078,1.071,1.082,1.071,1.086,,,,1.169,1.165,1.164,1.178,1.189,,,,1.13,1.134,1.132,1.13,1.136
21:29,0.851,0.805,0.859,0.826,0.866,,,,1.088,1.082,1.093,1.082,1.098,,,,1.172,1.168,1.168,1.182,1.194,,,,1.134,1.138,1.137,1.132,1.142
21:59,0.865,0.834,0.871,0.843,0.878,,,,1.096,1.09,1.107,1.09,1.106,,,,1.171,1.166,1.166,1.18,1.193,,,,1.131,1.136,1.138,1.132,1.141
22:29,0.876,0.847,0.883,0.856,0.891,,,,1.119,1.097,1.123,1.113,1.113,,,,1.169,1.165,1.165,1.178,1.192,,,,1.132,1.138,1.138,1.134,1.142
22:59,0.887,0.857,0.893,0.866,0.903,,,,1.123,1.114,1.123,1.115,1.131,,,,1.166,1.161,1.161,1.175,1.19,,,,1.129,1.136,1.135,1.134,1.141
23:29,0.896,0.868,0.903,0.877,0.915,,,,1.123,1.122,1.122,1.113,1.136,,,,1.163,1.159,1.159,1.172,1.188,,,,1.126,1.132,1.131,1.127,1.136
23:59,0.908,0.879,0.914,0.889,0.929,,,,1.123,1.125,1.124,1.115,1.139,,,,1.162,1.158,1.157,1.172,1.188,,,,1.123,1.126,1.124,1.123,1.134
,,,,,,,,,,,,,,,,,,,,,,,,,,,,,
,,,,,,,,,,,,,,,,,,,,,,,,,,,,,
"Data Present: Averaged Tet MIC at 156, 78, 39 and 0 ng/mL.",,,,,,,,,,,,,,,,,,,,,,,,,,,,,
Tet conc.,156 ng/mL,156 ng/mL,156 ng/mL,156 ng/mL,156 ng/mL,,,Tet conc.,78 ng/mL,78 ng/mL,78 ng/mL,78 ng/mL,78 ng/mL,,,Tet conc.,39 ng/mL,39 ng/mL,39 ng/mL,39 ng/mL,39 ng/mL,,,Tet conc.,0 ng/mL,0 ng/mL,0 ng/mL,0 ng/mL,0 ng/mL
Strain ID,JOE7059,JOE7060,JOE7061,JOE7062,JOE7063,,,Strain ID,JOE7059,JOE7060,JOE7061,JOE7062,JOE7063,,,Strain ID,JOE7059,JOE7060,JOE7061,JOE7062,JOE7063,,,Strain ID,JOE7059,JOE7060,JOE7061,JOE7062,JOE7063
E. coli sp.,BL21,BL21,BL21,BL21,BL21,,,E. coli sp.,BL21,BL21,BL21,BL21,BL21,,,E. coli sp.,BL21,BL21,BL21,BL21,BL21,,,E. coli sp.,BL21,BL21,BL21,BL21,BL21
Mutations,Δ7,Δ7,Δ7,Δ7,Δ7,,,Mutations,Δ7,Δ7,Δ7,Δ7,Δ7,,,Mutations,Δ7,Δ7,Δ7,Δ7,Δ7,,,Mutations,Δ7,Δ7,Δ7,Δ7,Δ7
Time,AVG,AVG,AVG,AVG,AVG,,,,AVG,AVG,AVG,AVG,AVG,,,,AVG,AVG,AVG,AVG,AVG,,,,AVG,AVG,AVG,AVG,AVG
0:00,0.095,0.093,0.093,0.096,0.096,,,,0.094,0.094,0.095,0.095,0.095,,,,0.094,0.095,0.095,0.096,0.097,,,,0.097,0.097,0.096,0.096,0.094
0:29,0.095,0.093,0.093,0.096,0.097,,,,0.094,0.094,0.095,0.095,0.096,,,,0.094,0.095,0.095,0.096,0.097,,,,0.098,0.097,0.096,0.096,0.095
0:59,0.095,0.093,0.094,0.096,0.096,,,,0.094,0.094,0.096,0.096,0.096,,,,0.095,0.095,0.096,0.097,0.098,,,,0.098,0.098,0.097,0.096,0.097
1:29,0.096,0.094,0.094,0.097,0.097,,,,0.094,0.094,0.096,0.096,0.097,,,,0.095,0.096,0.096,0.097,0.099,,,,0.099,0.099,0.098,0.097,0.099
1:59,0.096,0.094,0.094,0.096,0.097,,,,0.095,0.095,0.097,0.096,0.097,,,,0.096,0.097,0.097,0.098,0.101,,,,0.100,0.099,0.099,0.098,0.103
2:29,0.096,0.095,0.095,0.097,0.097,,,,0.096,0.095,0.097,0.097,0.098,,,,0.097,0.097,0.098,0.098,0.102,,,,0.102,0.101,0.102,0.101,0.111
2:59,0.096,0.095,0.095,0.097,0.098,,,,0.097,0.095,0.098,0.098,0.100,,,,0.099,0.099,0.100,0.100,0.104,,,,0.105,0.105,0.107,0.104,0.123
3:29,0.097,0.095,0.095,0.097,0.099,,,,0.097,0.097,0.099,0.098,0.101,,,,0.101,0.101,0.102,0.102,0.107,,,,0.110,0.111,0.115,0.110,0.142
3:59,0.097,0.096,0.096,0.097,0.099,,,,0.099,0.097,0.100,0.099,0.102,,,,0.103,0.103,0.105,0.105,0.112,,,,0.119,0.120,0.129,0.120,0.167
4:29,0.098,0.096,0.096,0.098,0.100,,,,0.100,0.099,0.102,0.100,0.104,,,,0.107,0.107,0.109,0.108,0.118,,,,0.132,0.133,0.149,0.135,0.194
4:59,0.099,0.096,0.097,0.099,0.101,,,,0.102,0.101,0.104,0.102,0.107,,,,0.112,0.111,0.114,0.112,0.126,,,,0.151,0.152,0.176,0.157,0.232
5:29,0.100,0.097,0.098,0.099,0.102,,,,0.104,0.102,0.106,0.104,0.110,,,,0.120,0.118,0.122,0.119,0.137,,,,0.181,0.177,0.210,0.186,0.280
5:59,0.100,0.098,0.098,0.100,0.103,,,,0.107,0.105,0.109,0.106,0.114,,,,0.129,0.126,0.132,0.127,0.151,,,,0.218,0.206,0.248,0.220,0.325
6:29,0.102,0.099,0.099,0.101,0.104,,,,0.112,0.108,0.113,0.110,0.118,,,,0.141,0.138,0.145,0.138,0.170,,,,0.258,0.234,0.284,0.252,0.363
6:59,0.103,0.100,0.101,0.102,0.105,,,,0.116,0.112,0.119,0.114,0.124,,,,0.158,0.153,0.163,0.154,0.194,,,,0.296,0.265,0.322,0.287,0.406
7:29,0.104,0.101,0.102,0.104,0.107,,,,0.122,0.117,0.125,0.119,0.132,,,,0.180,0.172,0.184,0.173,0.224,,,,0.336,0.297,0.369,0.327,0.460
7:59,0.106,0.102,0.103,0.105,0.109,,,,0.130,0.123,0.132,0.125,0.141,,,,0.209,0.198,0.214,0.199,0.263,,,,0.378,0.333,0.417,0.374,0.502
8:29,0.108,0.104,0.105,0.105,0.110,,,,0.140,0.132,0.142,0.134,0.153,,,,0.248,0.233,0.253,0.233,0.313,,,,0.420,0.378,0.477,0.434,0.547
8:59,0.110,0.105,0.107,0.107,0.113,,,,0.153,0.142,0.155,0.145,0.169,,,,0.296,0.275,0.300,0.272,0.368,,,,0.488,0.435,0.558,0.493,0.600
9:29,0.113,0.108,0.109,0.109,0.116,,,,0.169,0.154,0.171,0.158,0.187,,,,0.349,0.320,0.349,0.316,0.430,,,,0.520,0.475,0.614,0.556,0.634
9:59,0.116,0.110,0.113,0.112,0.119,,,,0.190,0.171,0.192,0.175,0.211,,,,0.409,0.371,0.407,0.364,0.497,,,,0.554,0.518,0.653,0.616,0.664
10:29,0.120,0.113,0.116,0.114,0.123,,,,0.216,0.193,0.218,0.197,0.241,,,,0.484,0.443,0.483,0.430,0.570,,,,0.589,0.547,0.695,0.658,0.693
10:59,0.125,0.117,0.120,0.118,0.128,,,,0.247,0.218,0.250,0.224,0.275,,,,0.564,0.496,0.546,0.477,0.645,,,,0.627,0.576,0.729,0.690,0.712
11:29,0.130,0.120,0.125,0.122,0.133,,,,0.285,0.247,0.286,0.256,0.316,,,,0.626,0.551,0.609,0.529,0.695,,,,0.655,0.602,0.761,0.723,0.732
11:59,0.136,0.125,0.131,0.126,0.140,,,,0.319,0.280,0.319,0.285,0.354,,,,0.687,0.605,0.666,0.587,0.751,,,,0.684,0.623,0.791,0.752,0.749
12:29,0.144,0.130,0.139,0.133,0.148,,,,0.360,0.311,0.362,0.316,0.405,,,,0.765,0.688,0.733,0.660,0.798,,,,0.706,0.639,0.805,0.769,0.760
12:59,0.153,0.137,0.147,0.138,0.157,,,,0.410,0.359,0.403,0.358,0.452,,,,0.829,0.734,0.814,0.710,0.847,,,,0.725,0.659,0.833,0.798,0.780
13:29,0.163,0.145,0.157,0.147,0.167,,,,0.449,0.385,0.440,0.384,0.499,,,,0.869,0.783,0.854,0.767,0.895,,,,0.743,0.674,0.852,0.814,0.799
13:59,0.175,0.154,0.168,0.155,0.180,,,,0.490,0.414,0.478,0.411,0.546,,,,0.905,0.823,0.891,0.837,0.932,,,,0.759,0.692,0.872,0.831,0.816
14:29,0.189,0.164,0.182,0.166,0.195,,,,0.537,0.445,0.519,0.442,0.595,,,,0.937,0.867,0.923,0.867,0.960,,,,0.775,0.705,0.897,0.847,0.825
14:59,0.206,0.176,0.198,0.178,0.212,,,,0.587,0.481,0.565,0.480,0.663,,,,0.965,0.919,0.952,0.903,0.981,,,,0.790,0.722,0.917,0.864,0.838
15:29,0.224,0.190,0.216,0.193,0.232,,,,0.634,0.521,0.604,0.514,0.700,,,,0.993,0.948,0.986,0.932,1.004,,,,0.801,0.740,0.943,0.884,0.851
15:59,0.246,0.206,0.236,0.209,0.255,,,,0.678,0.559,0.645,0.550,0.734,,,,1.018,0.973,1.011,0.960,1.028,,,,0.812,0.754,0.961,0.908,0.868
16:29,0.267,0.226,0.256,0.228,0.277,,,,0.724,0.596,0.694,0.580,0.769,,,,1.034,0.994,1.027,0.986,1.048,,,,0.819,0.769,0.970,0.917,0.884
16:59,0.289,0.244,0.275,0.245,0.300,,,,0.757,0.636,0.725,0.614,0.813,,,,1.047,1.008,1.041,1.012,1.065,,,,0.824,0.778,0.978,0.943,0.889
17:29,0.316,0.264,0.309,0.263,0.337,,,,0.806,0.675,0.759,0.653,0.848,,,,1.065,1.033,1.058,1.033,1.084,,,,0.839,0.804,0.994,0.954,0.910
17:59,0.339,0.285,0.319,0.283,0.350,,,,0.829,0.712,0.793,0.702,0.877,,,,1.080,1.050,1.072,1.045,1.096,,,,0.846,0.814,1.001,0.976,0.924
18:29,0.355,0.310,0.332,0.306,0.369,,,,0.854,0.772,0.834,0.727,0.907,,,,1.092,1.070,1.084,1.055,1.107,,,,0.853,0.824,1.008,0.986,0.935
18:59,0.373,0.322,0.348,0.316,0.389,,,,0.881,0.805,0.854,0.757,0.929,,,,1.107,1.081,1.097,1.067,1.119,,,,0.863,0.829,1.019,0.992,0.942
19:29,0.395,0.335,0.366,0.328,0.410,,,,0.905,0.827,0.877,0.786,0.947,,,,1.119,1.091,1.113,1.080,1.127,,,,0.866,0.843,1.023,1.002,0.953
19:59,0.416,0.351,0.384,0.342,0.432,,,,0.928,0.849,0.903,0.829,0.962,,,,1.129,1.104,1.122,1.090,1.137,,,,0.866,0.842,1.030,1.002,0.953
20:29,0.440,0.367,0.406,0.357,0.461,,,,0.947,0.875,0.918,0.845,0.981,,,,1.134,1.111,1.128,1.096,1.144,,,,0.865,0.843,1.029,1.004,0.956
20:59,0.470,0.384,0.425,0.373,0.485,,,,0.968,0.898,0.936,0.863,0.996,,,,1.141,1.117,1.133,1.105,1.151,,,,0.866,0.850,1.035,1.011,0.959
21:29,0.492,0.402,0.441,0.393,0.507,,,,0.977,0.919,0.954,0.884,1.006,,,,1.145,1.122,1.141,1.114,1.159,,,,0.869,0.855,1.040,1.017,0.965
21:59,0.509,0.420,0.457,0.405,0.529,,,,0.986,0.938,0.973,0.902,1.015,,,,1.152,1.125,1.142,1.115,1.162,,,,0.866,0.856,1.043,1.014,0.963
22:29,0.529,0.434,0.474,0.417,0.553,,,,1.002,0.960,0.987,0.924,1.026,,,,1.159,1.138,1.148,1.123,1.168,,,,0.871,0.862,1.048,1.023,0.972
22:59,0.550,0.448,0.494,0.429,0.580,,,,1.011,0.976,0.993,0.935,1.038,,,,1.158,1.141,1.155,1.126,1.169,,,,0.869,0.866,1.049,1.026,0.975
23:29,0.573,0.463,0.510,0.442,0.609,,,,1.017,0.984,1.000,0.948,1.046,,,,1.159,1.142,1.157,1.129,1.170,,,,0.869,0.867,1.047,1.028,0.976
23:59,0.599,0.480,0.529,0.457,0.646,,,,1.023,0.989,1.007,0.958,1.053,,,,1.159,1.142,1.157,1.135,1.172,,,,0.867,0.870,1.046,1.029,0.980
,,,,,,,,,,,,,,,,,,,,,,,,,,,,,
,,,,,,,,,,,,,,,,,,,,,,,,,,,,,
"Data Present: Standard Deviations of Tet MIC at 156, 78, 39 and 0 ng/mL.",,,,,,,,,,,,,,,,,,,,,,,,,,,,,
Tet conc.,156 ng/mL,156 ng/mL,156 ng/mL,156 ng/mL,156 ng/mL,,,Tet conc.,78 ng/mL,78 ng/mL,78 ng/mL,78 ng/mL,78 ng/mL,,,Tet conc.,39 ng/mL,39 ng/mL,39 ng/mL,39 ng/mL,39 ng/mL,,,Tet conc.,0 ng/mL,0 ng/mL,0 ng/mL,0 ng/mL,0 ng/mL
Strain ID,JOE7059,JOE7060,JOE7061,JOE7062,JOE7063,,,Strain ID,JOE7059,JOE7060,JOE7061,JOE7062,JOE7063,,,Strain ID,JOE7059,JOE7060,JOE7061,JOE7062,JOE7063,,,Strain ID,JOE7059,JOE7060,JOE7061,JOE7062,JOE7063
E. coli sp.,BL21,BL21,BL21,BL21,BL21,,,E. coli sp.,BL21,BL21,BL21,BL21,BL21,,,E. coli sp.,BL21,BL21,BL21,BL21,BL21,,,E. coli sp.,BL21,BL21,BL21,BL21,BL21
Mutations,Δ7,Δ7,Δ7,Δ7,Δ7,,,Mutations,Δ7,Δ7,Δ7,Δ7,Δ7,,,Mutations,Δ7,Δ7,Δ7,Δ7,Δ7,,,Mutations,Δ7,Δ7,Δ7,Δ7,Δ7
Time,SD,SD,SD,SD,SD,,,,SD,SD,SD,SD,SD,,,,SD,SD,SD,SD,SD,,,,SD,SD,SD,SD,SD
0:00,0.002,0.002,0.003,0.002,0.003,,,,0.002,0.001,0.002,0.002,0.003,,,,0.001,0.001,0.002,0.002,0.003,,,,0.001,0.002,0.003,0.003,0.001
0:29,0.002,0.002,0.003,0.002,0.003,,,,0.002,0.001,0.002,0.002,0.002,,,,0.001,0.002,0.002,0.002,0.002,,,,0.001,0.002,0.004,0.003,0.002
0:59,0.002,0.002,0.003,0.002,0.003,,,,0.002,0.001,0.002,0.003,0.002,,,,0.001,0.002,0.001,0.003,0.003,,,,0.001,0.003,0.003,0.003,0.002
1:29,0.002,0.003,0.003,0.002,0.003,,,,0.002,0.001,0.001,0.002,0.002,,,,0.001,0.002,0.001,0.003,0.003,,,,0.001,0.003,0.003,0.003,0.002
1:59,0.002,0.002,0.004,0.002,0.003,,,,0.002,0.002,0.002,0.003,0.003,,,,0.001,0.002,0.001,0.002,0.003,,,,0.001,0.002,0.003,0.003,0.004
2:29,0.002,0.003,0.004,0.003,0.003,,,,0.002,0.001,0.002,0.002,0.003,,,,0.001,0.003,0.001,0.003,0.003,,,,0.001,0.003,0.003,0.004,0.006
2:59,0.002,0.003,0.003,0.003,0.003,,,,0.002,0.002,0.002,0.002,0.003,,,,0.001,0.003,0.001,0.003,0.003,,,,0.001,0.004,0.003,0.003,0.009
3:29,0.002,0.003,0.004,0.003,0.003,,,,0.002,0.002,0.002,0.003,0.003,,,,0.000,0.004,0.002,0.003,0.004,,,,0.001,0.005,0.003,0.004,0.014
3:59,0.002,0.003,0.004,0.003,0.004,,,,0.002,0.002,0.002,0.003,0.003,,,,0.001,0.005,0.002,0.004,0.005,,,,0.001,0.008,0.003,0.005,0.019
4:29,0.002,0.003,0.004,0.003,0.004,,,,0.003,0.003,0.002,0.004,0.004,,,,0.001,0.006,0.003,0.006,0.006,,,,0.002,0.010,0.004,0.007,0.023
4:59,0.002,0.003,0.004,0.003,0.004,,,,0.003,0.004,0.003,0.004,0.005,,,,0.002,0.009,0.004,0.008,0.009,,,,0.004,0.014,0.004,0.009,0.027
5:29,0.002,0.003,0.004,0.003,0.004,,,,0.004,0.004,0.004,0.005,0.005,,,,0.005,0.013,0.007,0.011,0.012,,,,0.009,0.021,0.007,0.015,0.032
5:59,0.003,0.004,0.005,0.004,0.004,,,,0.005,0.006,0.005,0.007,0.007,,,,0.008,0.017,0.010,0.016,0.017,,,,0.016,0.028,0.011,0.023,0.038
6:29,0.003,0.005,0.005,0.004,0.004,,,,0.007,0.008,0.007,0.009,0.009,,,,0.012,0.024,0.015,0.022,0.024,,,,0.022,0.040,0.026,0.032,0.056
6:59,0.004,0.005,0.006,0.005,0.005,,,,0.009,0.011,0.009,0.011,0.011,,,,0.018,0.034,0.021,0.032,0.033,,,,0.035,0.064,0.059,0.055,0.088
7:29,0.004,0.006,0.006,0.005,0.005,,,,0.012,0.014,0.012,0.015,0.015,,,,0.026,0.046,0.031,0.044,0.045,,,,0.050,0.095,0.090,0.089,0.120
7:59,0.005,0.006,0.007,0.007,0.007,,,,0.016,0.019,0.016,0.020,0.020,,,,0.035,0.062,0.043,0.060,0.060,,,,0.075,0.126,0.123,0.118,0.151
8:29,0.005,0.007,0.008,0.007,0.007,,,,0.020,0.024,0.023,0.026,0.026,,,,0.050,0.083,0.058,0.079,0.078,,,,0.102,0.159,0.152,0.150,0.177
8:59,0.007,0.008,0.010,0.009,0.009,,,,0.028,0.032,0.030,0.034,0.035,,,,0.066,0.108,0.075,0.102,0.094,,,,0.139,0.204,0.193,0.186,0.222
9:29,0.008,0.010,0.012,0.010,0.010,,,,0.035,0.042,0.039,0.044,0.045,,,,0.081,0.133,0.091,0.123,0.112,,,,0.150,0.223,0.215,0.221,0.243
9:59,0.010,0.011,0.014,0.012,0.012,,,,0.049,0.056,0.053,0.059,0.059,,,,0.093,0.155,0.106,0.143,0.130,,,,0.165,0.239,0.235,0.242,0.260
10:29,0.013,0.014,0.016,0.015,0.015,,,,0.064,0.073,0.071,0.077,0.078,,,,0.109,0.195,0.132,0.179,0.155,,,,0.175,0.260,0.250,0.257,0.277
10:59,0.016,0.017,0.020,0.017,0.018,,,,0.084,0.094,0.092,0.100,0.099,,,,0.114,0.202,0.127,0.181,0.156,,,,0.180,0.277,0.265,0.271,0.288
11:29,0.019,0.020,0.025,0.021,0.022,,,,0.108,0.120,0.117,0.128,0.123,,,,0.107,0.205,0.121,0.178,0.155,,,,0.188,0.292,0.276,0.290,0.299
11:59,0.024,0.025,0.029,0.026,0.027,,,,0.123,0.145,0.133,0.148,0.140,,,,0.102,0.205,0.117,0.170,0.149,,,,0.181,0.298,0.278,0.294,0.307
12:29,0.029,0.029,0.036,0.031,0.033,,,,0.139,0.166,0.154,0.169,0.166,,,,0.091,0.200,0.105,0.158,0.140,,,,0.166,0.292,0.274,0.297,0.303
12:59,0.036,0.035,0.044,0.038,0.040,,,,0.161,0.204,0.170,0.199,0.182,,,,0.068,0.188,0.082,0.149,0.127,,,,0.163,0.293,0.269,0.292,0.304
13:29,0.043,0.042,0.052,0.045,0.049,,,,0.163,0.212,0.173,0.206,0.189,,,,0.065,0.172,0.076,0.131,0.102,,,,0.161,0.293,0.263,0.293,0.311
13:59,0.053,0.050,0.063,0.053,0.060,,,,0.159,0.220,0.170,0.211,0.188,,,,0.055,0.154,0.064,0.102,0.084,,,,0.159,0.289,0.256,0.289,0.308
14:29,0.064,0.060,0.076,0.064,0.072,,,,0.151,0.226,0.164,0.213,0.186,,,,0.048,0.132,0.056,0.094,0.075,,,,0.154,0.290,0.246,0.286,0.308
14:59,0.076,0.071,0.091,0.077,0.087,,,,0.153,0.231,0.165,0.219,0.182,,,,0.044,0.102,0.052,0.082,0.073,,,,0.151,0.281,0.235,0.279,0.304
15:29,0.091,0.085,0.108,0.092,0.104,,,,0.146,0.235,0.158,0.214,0.171,,,,0.037,0.094,0.045,0.074,0.069,,,,0.149,0.275,0.222,0.273,0.299
15:59,0.110,0.100,0.128,0.108,0.124,,,,0.130,0.228,0.143,0.202,0.158,,,,0.031,0.086,0.040,0.073,0.063,,,,0.146,0.267,0.211,0.256,0.290
16:29,0.124,0.121,0.145,0.128,0.142,,,,0.110,0.215,0.120,0.190,0.145,,,,0.034,0.079,0.040,0.068,0.058,,,,0.143,0.256,0.207,0.253,0.279
16:59,0.140,0.139,0.162,0.145,0.159,,,,0.104,0.200,0.115,0.178,0.118,,,,0.037,0.078,0.041,0.063,0.057,,,,0.143,0.250,0.202,0.231,0.274
17:29,0.161,0.157,0.195,0.162,0.194,,,,0.093,0.185,0.107,0.162,0.106,,,,0.035,0.069,0.040,0.055,0.052,,,,0.136,0.230,0.195,0.230,0.262
17:59,0.174,0.176,0.198,0.180,0.198,,,,0.087,0.171,0.098,0.137,0.101,,,,0.035,0.061,0.038,0.055,0.052,,,,0.134,0.225,0.192,0.210,0.252
18:29,0.178,0.201,0.205,0.204,0.206,,,,0.083,0.152,0.090,0.133,0.095,,,,0.034,0.051,0.037,0.055,0.051,,,,0.130,0.216,0.189,0.206,0.245
18:59,0.182,0.207,0.212,0.209,0.215,,,,0.079,0.130,0.089,0.128,0.090,,,,0.032,0.052,0.033,0.053,0.048,,,,0.132,0.211,0.189,0.202,0.238
19:29,0.187,0.215,0.219,0.216,0.222,,,,0.075,0.128,0.084,0.120,0.087,,,,0.037,0.051,0.040,0.059,0.048,,,,0.130,0.208,0.186,0.200,0.238
19:59,0.191,0.225,0.226,0.225,0.228,,,,0.069,0.122,0.077,0.110,0.081,,,,0.038,0.056,0.039,0.057,0.052,,,,0.128,0.205,0.178,0.200,0.232
20:29,0.194,0.233,0.237,0.234,0.241,,,,0.069,0.114,0.077,0.105,0.073,,,,0.037,0.055,0.037,0.053,0.051,,,,0.125,0.200,0.173,0.194,0.229
20:59,0.201,0.242,0.240,0.242,0.243,,,,0.070,0.109,0.077,0.103,0.072,,,,0.035,0.052,0.036,0.049,0.049,,,,0.123,0.195,0.165,0.190,0.224
21:29,0.194,0.252,0.238,0.255,0.240,,,,0.072,0.105,0.078,0.098,0.075,,,,0.036,0.053,0.033,0.048,0.050,,,,0.124,0.192,0.164,0.188,0.223
21:59,0.191,0.260,0.232,0.257,0.235,,,,0.072,0.102,0.079,0.095,0.076,,,,0.035,0.052,0.035,0.049,0.050,,,,0.124,0.189,0.159,0.191,0.222
22:29,0.184,0.258,0.226,0.254,0.229,,,,0.076,0.094,0.081,0.099,0.073,,,,0.030,0.044,0.030,0.041,0.043,,,,0.120,0.181,0.152,0.180,0.212
22:59,0.176,0.255,0.216,0.251,0.221,,,,0.075,0.095,0.077,0.097,0.078,,,,0.029,0.040,0.028,0.039,0.041,,,,0.118,0.177,0.148,0.176,0.208
23:29,0.166,0.253,0.210,0.246,0.213,,,,0.071,0.094,0.073,0.092,0.076,,,,0.025,0.037,0.026,0.036,0.038,,,,0.116,0.171,0.145,0.169,0.200
23:59,0.156,0.249,0.203,0.241,0.207,,,,0.068,0.094,0.070,0.090,0.074,,,,0.024,0.035,0.025,0.034,0.035,,,,0.115,0.161,0.141,0.162,0.196
