Strain,Mutations,Number/ID,Tet Conc.,Date Recorded,Time,Well Number,Well Reading
BL21,wt,JOE2354,156 ng/mL,7/25/2022,0:00,E2,0.095
BL21,Δ7 ,JOE6969,156 ng/mL,7/25/2022,0:00,E3,0.096
BL21,wt,JOE2354,78 ng/mL,7/25/2022,0:00,F2,0.094
BL21,Δ7 ,JOE6969,78 ng/mL,7/25/2022,0:00,F3,0.097
BL21,wt,JOE2354,0 ng/mL,7/25/2022,0:00,H2,0.093
BL21,Δ7 ,JOE6969,0 ng/mL,7/25/2022,0:00,H3,0.096
BL21,wt,JOE2354,156 ng/mL,9/13/2022,0:00,E2,0.098
BL21,Δ7 ,JOE6969,156 ng/mL,9/13/2022,0:00,E3,0.095
BL21,wt,JOE2354,78 ng/mL,9/13/2022,0:00,F2,0.096
BL21,Δ7 ,JOE6969,78 ng/mL,9/13/2022,0:00,F3,0.096
BL21,wt,JOE2354,0 ng/mL,9/13/2022,0:00,H2,0.095
BL21,Δ7 ,JOE6969,0 ng/mL,9/13/2022,0:00,H3,0.095
BL21,wt,JOE2354,156 ng/mL,7/25/2022,0:29,E2,0.096
BL21,Δ7 ,JOE6969,156 ng/mL,7/25/2022,0:29,E3,0.096
BL21,wt,JOE2354,78 ng/mL,7/25/2022,0:29,F2,0.095
BL21,Δ7 ,JOE6969,78 ng/mL,7/25/2022,0:29,F3,0.098
BL21,wt,JOE2354,0 ng/mL,7/25/2022,0:29,H2,0.095
BL21,Δ7 ,JOE6969,0 ng/mL,7/25/2022,0:29,H3,0.097
BL21,wt,JOE2354,156 ng/mL,9/13/2022,0:29,E2,0.099
BL21,Δ7 ,JOE6969,156 ng/mL,9/13/2022,0:29,E3,0.095
BL21,wt,JOE2354,78 ng/mL,9/13/2022,0:29,F2,0.097
BL21,Δ7 ,JOE6969,78 ng/mL,9/13/2022,0:29,F3,0.096
BL21,wt,JOE2354,0 ng/mL,9/13/2022,0:29,H2,0.097
BL21,Δ7 ,JOE6969,0 ng/mL,9/13/2022,0:29,H3,0.095
BL21,wt,JOE2354,156 ng/mL,7/25/2022,0:59,E2,0.096
BL21,Δ7 ,JOE6969,156 ng/mL,7/25/2022,0:59,E3,0.096
BL21,wt,JOE2354,78 ng/mL,7/25/2022,0:59,F2,0.096
BL21,Δ7 ,JOE6969,78 ng/mL,7/25/2022,0:59,F3,0.099
BL21,wt,JOE2354,0 ng/mL,7/25/2022,0:59,H2,0.098
BL21,Δ7 ,JOE6969,0 ng/mL,7/25/2022,0:59,H3,0.098
BL21,wt,JOE2354,156 ng/mL,9/13/2022,0:59,E2,0.1
BL21,Δ7 ,JOE6969,156 ng/mL,9/13/2022,0:59,E3,0.095
BL21,wt,JOE2354,78 ng/mL,9/13/2022,0:59,F2,0.098
BL21,Δ7 ,JOE6969,78 ng/mL,9/13/2022,0:59,F3,0.096
BL21,wt,JOE2354,0 ng/mL,9/13/2022,0:59,H2,0.099
BL21,Δ7 ,JOE6969,0 ng/mL,9/13/2022,0:59,H3,0.095
BL21,wt,JOE2354,156 ng/mL,7/25/2022,1:29,E2,0.097
BL21,Δ7 ,JOE6969,156 ng/mL,7/25/2022,1:29,E3,0.097
BL21,wt,JOE2354,78 ng/mL,7/25/2022,1:29,F2,0.097
BL21,Δ7 ,JOE6969,78 ng/mL,7/25/2022,1:29,F3,0.099
BL21,wt,JOE2354,0 ng/mL,7/25/2022,1:29,H2,0.103
BL21,Δ7 ,JOE6969,0 ng/mL,7/25/2022,1:29,H3,0.1
BL21,wt,JOE2354,156 ng/mL,9/13/2022,1:29,E2,0.1
BL21,Δ7 ,JOE6969,156 ng/mL,9/13/2022,1:29,E3,0.095
BL21,wt,JOE2354,78 ng/mL,9/13/2022,1:29,F2,0.099
BL21,Δ7 ,JOE6969,78 ng/mL,9/13/2022,1:29,F3,0.096
BL21,wt,JOE2354,0 ng/mL,9/13/2022,1:29,H2,0.103
BL21,Δ7 ,JOE6969,0 ng/mL,9/13/2022,1:29,H3,0.096
BL21,wt,JOE2354,156 ng/mL,7/25/2022,1:59,E2,0.098
BL21,Δ7 ,JOE6969,156 ng/mL,7/25/2022,1:59,E3,0.098
BL21,wt,JOE2354,78 ng/mL,7/25/2022,1:59,F2,0.099
BL21,Δ7 ,JOE6969,78 ng/mL,7/25/2022,1:59,F3,0.1
BL21,wt,JOE2354,0 ng/mL,7/25/2022,1:59,H2,0.113
BL21,Δ7 ,JOE6969,0 ng/mL,7/25/2022,1:59,H3,0.104
BL21,wt,JOE2354,156 ng/mL,9/13/2022,1:59,E2,0.101
BL21,Δ7 ,JOE6969,156 ng/mL,9/13/2022,1:59,E3,0.095
BL21,wt,JOE2354,78 ng/mL,9/13/2022,1:59,F2,0.1
BL21,Δ7 ,JOE6969,78 ng/mL,9/13/2022,1:59,F3,0.096
BL21,wt,JOE2354,0 ng/mL,9/13/2022,1:59,H2,0.112
BL21,Δ7 ,JOE6969,0 ng/mL,9/13/2022,1:59,H3,0.097
BL21,wt,JOE2354,156 ng/mL,7/25/2022,2:29,E2,0.099
BL21,Δ7 ,JOE6969,156 ng/mL,7/25/2022,2:29,E3,0.098
BL21,wt,JOE2354,78 ng/mL,7/25/2022,2:29,F2,0.102
BL21,Δ7 ,JOE6969,78 ng/mL,7/25/2022,2:29,F3,0.1
BL21,wt,JOE2354,0 ng/mL,7/25/2022,2:29,H2,0.133
BL21,Δ7 ,JOE6969,0 ng/mL,7/25/2022,2:29,H3,0.112
BL21,wt,JOE2354,156 ng/mL,9/13/2022,2:29,E2,0.102
BL21,Δ7 ,JOE6969,156 ng/mL,9/13/2022,2:29,E3,0.095
BL21,wt,JOE2354,78 ng/mL,9/13/2022,2:29,F2,0.103
BL21,Δ7 ,JOE6969,78 ng/mL,9/13/2022,2:29,F3,0.097
BL21,wt,JOE2354,0 ng/mL,9/13/2022,2:29,H2,0.126
BL21,Δ7 ,JOE6969,0 ng/mL,9/13/2022,2:29,H3,0.098
BL21,wt,JOE2354,156 ng/mL,7/25/2022,2:59,E2,0.1
BL21,Δ7 ,JOE6969,156 ng/mL,7/25/2022,2:59,E3,0.098
BL21,wt,JOE2354,78 ng/mL,7/25/2022,2:59,F2,0.106
BL21,Δ7 ,JOE6969,78 ng/mL,7/25/2022,2:59,F3,0.102
BL21,wt,JOE2354,0 ng/mL,7/25/2022,2:59,H2,0.163
BL21,Δ7 ,JOE6969,0 ng/mL,7/25/2022,2:59,H3,0.124
BL21,wt,JOE2354,156 ng/mL,9/13/2022,2:59,E2,0.103
BL21,Δ7 ,JOE6969,156 ng/mL,9/13/2022,2:59,E3,0.096
BL21,wt,JOE2354,78 ng/mL,9/13/2022,2:59,F2,0.106
BL21,Δ7 ,JOE6969,78 ng/mL,9/13/2022,2:59,F3,0.097
BL21,wt,JOE2354,0 ng/mL,9/13/2022,2:59,H2,0.151
BL21,Δ7 ,JOE6969,0 ng/mL,9/13/2022,2:59,H3,0.101
BL21,wt,JOE2354,156 ng/mL,7/25/2022,3:29,E2,0.101
BL21,Δ7 ,JOE6969,156 ng/mL,7/25/2022,3:29,E3,0.104
BL21,wt,JOE2354,78 ng/mL,7/25/2022,3:29,F2,0.111
BL21,Δ7 ,JOE6969,78 ng/mL,7/25/2022,3:29,F3,0.102
BL21,wt,JOE2354,0 ng/mL,7/25/2022,3:29,H2,0.216
BL21,Δ7 ,JOE6969,0 ng/mL,7/25/2022,3:29,H3,0.146
BL21,wt,JOE2354,156 ng/mL,9/13/2022,3:29,E2,0.105
BL21,Δ7 ,JOE6969,156 ng/mL,9/13/2022,3:29,E3,0.096
BL21,wt,JOE2354,78 ng/mL,9/13/2022,3:29,F2,0.111
BL21,Δ7 ,JOE6969,78 ng/mL,9/13/2022,3:29,F3,0.098
BL21,wt,JOE2354,0 ng/mL,9/13/2022,3:29,H2,0.194
BL21,Δ7 ,JOE6969,0 ng/mL,9/13/2022,3:29,H3,0.107
BL21,wt,JOE2354,156 ng/mL,7/25/2022,3:59,E2,0.103
BL21,Δ7 ,JOE6969,156 ng/mL,7/25/2022,3:59,E3,0.106
BL21,wt,JOE2354,78 ng/mL,7/25/2022,3:59,F2,0.117
BL21,Δ7 ,JOE6969,78 ng/mL,7/25/2022,3:59,F3,0.103
BL21,wt,JOE2354,0 ng/mL,7/25/2022,3:59,H2,0.295
BL21,Δ7 ,JOE6969,0 ng/mL,7/25/2022,3:59,H3,0.18
BL21,wt,JOE2354,156 ng/mL,9/13/2022,3:59,E2,0.106
BL21,Δ7 ,JOE6969,156 ng/mL,9/13/2022,3:59,E3,0.096
BL21,wt,JOE2354,78 ng/mL,9/13/2022,3:59,F2,0.117
BL21,Δ7 ,JOE6969,78 ng/mL,9/13/2022,3:59,F3,0.098
BL21,wt,JOE2354,0 ng/mL,9/13/2022,3:59,H2,0.254
BL21,Δ7 ,JOE6969,0 ng/mL,9/13/2022,3:59,H3,0.116
BL21,wt,JOE2354,156 ng/mL,7/25/2022,4:29,E2,0.105
BL21,Δ7 ,JOE6969,156 ng/mL,7/25/2022,4:29,E3,0.098
BL21,wt,JOE2354,78 ng/mL,7/25/2022,4:29,F2,0.126
BL21,Δ7 ,JOE6969,78 ng/mL,7/25/2022,4:29,F3,0.105
BL21,wt,JOE2354,0 ng/mL,7/25/2022,4:29,H2,0.384
BL21,Δ7 ,JOE6969,0 ng/mL,7/25/2022,4:29,H3,0.23
BL21,wt,JOE2354,156 ng/mL,9/13/2022,4:29,E2,0.108
BL21,Δ7 ,JOE6969,156 ng/mL,9/13/2022,4:29,E3,0.096
BL21,wt,JOE2354,78 ng/mL,9/13/2022,4:29,F2,0.126
BL21,Δ7 ,JOE6969,78 ng/mL,9/13/2022,4:29,F3,0.098
BL21,wt,JOE2354,0 ng/mL,9/13/2022,4:29,H2,0.317
BL21,Δ7 ,JOE6969,0 ng/mL,9/13/2022,4:29,H3,0.13
BL21,wt,JOE2354,156 ng/mL,7/25/2022,4:59,E2,0.106
BL21,Δ7 ,JOE6969,156 ng/mL,7/25/2022,4:59,E3,0.099
BL21,wt,JOE2354,78 ng/mL,7/25/2022,4:59,F2,0.137
BL21,Δ7 ,JOE6969,78 ng/mL,7/25/2022,4:59,F3,0.106
BL21,wt,JOE2354,0 ng/mL,7/25/2022,4:59,H2,0.512
BL21,Δ7 ,JOE6969,0 ng/mL,7/25/2022,4:59,H3,0.284
BL21,wt,JOE2354,156 ng/mL,9/13/2022,4:59,E2,0.11
BL21,Δ7 ,JOE6969,156 ng/mL,9/13/2022,4:59,E3,0.096
BL21,wt,JOE2354,78 ng/mL,9/13/2022,4:59,F2,0.138
BL21,Δ7 ,JOE6969,78 ng/mL,9/13/2022,4:59,F3,0.099
BL21,wt,JOE2354,0 ng/mL,9/13/2022,4:59,H2,0.426
BL21,Δ7 ,JOE6969,0 ng/mL,9/13/2022,4:59,H3,0.151
BL21,wt,JOE2354,156 ng/mL,7/25/2022,5:29,E2,0.109
BL21,Δ7 ,JOE6969,156 ng/mL,7/25/2022,5:29,E3,0.099
BL21,wt,JOE2354,78 ng/mL,7/25/2022,5:29,F2,0.153
BL21,Δ7 ,JOE6969,78 ng/mL,7/25/2022,5:29,F3,0.107
BL21,wt,JOE2354,0 ng/mL,7/25/2022,5:29,H2,0.598
BL21,Δ7 ,JOE6969,0 ng/mL,7/25/2022,5:29,H3,0.326
BL21,wt,JOE2354,156 ng/mL,9/13/2022,5:29,E2,0.113
BL21,Δ7 ,JOE6969,156 ng/mL,9/13/2022,5:29,E3,0.096
BL21,wt,JOE2354,78 ng/mL,9/13/2022,5:29,F2,0.155
BL21,Δ7 ,JOE6969,78 ng/mL,9/13/2022,5:29,F3,0.099
BL21,wt,JOE2354,0 ng/mL,9/13/2022,5:29,H2,0.538
BL21,Δ7 ,JOE6969,0 ng/mL,9/13/2022,5:29,H3,0.177
BL21,wt,JOE2354,156 ng/mL,7/25/2022,5:59,E2,0.112
BL21,Δ7 ,JOE6969,156 ng/mL,7/25/2022,5:59,E3,0.101
BL21,wt,JOE2354,78 ng/mL,7/25/2022,5:59,F2,0.175
BL21,Δ7 ,JOE6969,78 ng/mL,7/25/2022,5:59,F3,0.109
BL21,wt,JOE2354,0 ng/mL,7/25/2022,5:59,H2,0.701
BL21,Δ7 ,JOE6969,0 ng/mL,7/25/2022,5:59,H3,0.383
BL21,wt,JOE2354,156 ng/mL,9/13/2022,5:59,E2,0.116
BL21,Δ7 ,JOE6969,156 ng/mL,9/13/2022,5:59,E3,0.096
BL21,wt,JOE2354,78 ng/mL,9/13/2022,5:59,F2,0.178
BL21,Δ7 ,JOE6969,78 ng/mL,9/13/2022,5:59,F3,0.1
BL21,wt,JOE2354,0 ng/mL,9/13/2022,5:59,H2,0.635
BL21,Δ7 ,JOE6969,0 ng/mL,9/13/2022,5:59,H3,0.211
BL21,wt,JOE2354,156 ng/mL,7/25/2022,6:29,E2,0.115
BL21,Δ7 ,JOE6969,156 ng/mL,7/25/2022,6:29,E3,0.1
BL21,wt,JOE2354,78 ng/mL,7/25/2022,6:29,F2,0.204
BL21,Δ7 ,JOE6969,78 ng/mL,7/25/2022,6:29,F3,0.111
BL21,wt,JOE2354,0 ng/mL,7/25/2022,6:29,H2,0.838
BL21,Δ7 ,JOE6969,0 ng/mL,7/25/2022,6:29,H3,0.453
BL21,wt,JOE2354,156 ng/mL,9/13/2022,6:29,E2,0.119
BL21,Δ7 ,JOE6969,156 ng/mL,9/13/2022,6:29,E3,0.096
BL21,wt,JOE2354,78 ng/mL,9/13/2022,6:29,F2,0.208
BL21,Δ7 ,JOE6969,78 ng/mL,9/13/2022,6:29,F3,0.101
BL21,wt,JOE2354,0 ng/mL,9/13/2022,6:29,H2,0.774
BL21,Δ7 ,JOE6969,0 ng/mL,9/13/2022,6:29,H3,0.25
BL21,wt,JOE2354,156 ng/mL,7/25/2022,6:59,E2,0.118
BL21,Δ7 ,JOE6969,156 ng/mL,7/25/2022,6:59,E3,0.101
BL21,wt,JOE2354,78 ng/mL,7/25/2022,6:59,F2,0.24
BL21,Δ7 ,JOE6969,78 ng/mL,7/25/2022,6:59,F3,0.114
BL21,wt,JOE2354,0 ng/mL,7/25/2022,6:59,H2,0.915
BL21,Δ7 ,JOE6969,0 ng/mL,7/25/2022,6:59,H3,0.523
BL21,wt,JOE2354,156 ng/mL,9/13/2022,6:59,E2,0.124
BL21,Δ7 ,JOE6969,156 ng/mL,9/13/2022,6:59,E3,0.097
BL21,wt,JOE2354,78 ng/mL,9/13/2022,6:59,F2,0.245
BL21,Δ7 ,JOE6969,78 ng/mL,9/13/2022,6:59,F3,0.102
BL21,wt,JOE2354,0 ng/mL,9/13/2022,6:59,H2,0.87
BL21,Δ7 ,JOE6969,0 ng/mL,9/13/2022,6:59,H3,0.312
BL21,wt,JOE2354,156 ng/mL,7/25/2022,7:29,E2,0.121
BL21,Δ7 ,JOE6969,156 ng/mL,7/25/2022,7:29,E3,0.101
BL21,wt,JOE2354,78 ng/mL,7/25/2022,7:29,F2,0.281
BL21,Δ7 ,JOE6969,78 ng/mL,7/25/2022,7:29,F3,0.116
BL21,wt,JOE2354,0 ng/mL,7/25/2022,7:29,H2,0.964
BL21,Δ7 ,JOE6969,0 ng/mL,7/25/2022,7:29,H3,0.596
BL21,wt,JOE2354,156 ng/mL,9/13/2022,7:29,E2,0.13
BL21,Δ7 ,JOE6969,156 ng/mL,9/13/2022,7:29,E3,0.097
BL21,wt,JOE2354,78 ng/mL,9/13/2022,7:29,F2,0.283
BL21,Δ7 ,JOE6969,78 ng/mL,9/13/2022,7:29,F3,0.104
BL21,wt,JOE2354,0 ng/mL,9/13/2022,7:29,H2,0.924
BL21,Δ7 ,JOE6969,0 ng/mL,9/13/2022,7:29,H3,0.394
BL21,wt,JOE2354,156 ng/mL,7/25/2022,7:59,E2,0.127
BL21,Δ7 ,JOE6969,156 ng/mL,7/25/2022,7:59,E3,0.102
BL21,wt,JOE2354,78 ng/mL,7/25/2022,7:59,F2,0.324
BL21,Δ7 ,JOE6969,78 ng/mL,7/25/2022,7:59,F3,0.12
BL21,wt,JOE2354,0 ng/mL,7/25/2022,7:59,H2,1.006
BL21,Δ7 ,JOE6969,0 ng/mL,7/25/2022,7:59,H3,0.685
BL21,wt,JOE2354,156 ng/mL,9/13/2022,7:59,E2,0.137
BL21,Δ7 ,JOE6969,156 ng/mL,9/13/2022,7:59,E3,0.097
BL21,wt,JOE2354,78 ng/mL,9/13/2022,7:59,F2,0.338
BL21,Δ7 ,JOE6969,78 ng/mL,9/13/2022,7:59,F3,0.105
BL21,wt,JOE2354,0 ng/mL,9/13/2022,7:59,H2,0.96
BL21,Δ7 ,JOE6969,0 ng/mL,9/13/2022,7:59,H3,0.481
BL21,wt,JOE2354,156 ng/mL,7/25/2022,8:29,E2,0.132
BL21,Δ7 ,JOE6969,156 ng/mL,7/25/2022,8:29,E3,0.102
BL21,wt,JOE2354,78 ng/mL,7/25/2022,8:29,F2,0.382
BL21,Δ7 ,JOE6969,78 ng/mL,7/25/2022,8:29,F3,0.123
BL21,wt,JOE2354,0 ng/mL,7/25/2022,8:29,H2,1.055
BL21,Δ7 ,JOE6969,0 ng/mL,7/25/2022,8:29,H3,0.794
BL21,wt,JOE2354,156 ng/mL,9/13/2022,8:29,E2,0.145
BL21,Δ7 ,JOE6969,156 ng/mL,9/13/2022,8:29,E3,0.097
BL21,wt,JOE2354,78 ng/mL,9/13/2022,8:29,F2,0.412
BL21,Δ7 ,JOE6969,78 ng/mL,9/13/2022,8:29,F3,0.107
BL21,wt,JOE2354,0 ng/mL,9/13/2022,8:29,H2,1.01
BL21,Δ7 ,JOE6969,0 ng/mL,9/13/2022,8:29,H3,0.57
BL21,wt,JOE2354,156 ng/mL,7/25/2022,8:59,E2,0.138
BL21,Δ7 ,JOE6969,156 ng/mL,7/25/2022,8:59,E3,0.103
BL21,wt,JOE2354,78 ng/mL,7/25/2022,8:59,F2,0.457
BL21,Δ7 ,JOE6969,78 ng/mL,7/25/2022,8:59,F3,0.128
BL21,wt,JOE2354,0 ng/mL,7/25/2022,8:59,H2,1.087
BL21,Δ7 ,JOE6969,0 ng/mL,7/25/2022,8:59,H3,0.85
BL21,wt,JOE2354,156 ng/mL,9/13/2022,8:59,E2,0.155
BL21,Δ7 ,JOE6969,156 ng/mL,9/13/2022,8:59,E3,0.098
BL21,wt,JOE2354,78 ng/mL,9/13/2022,8:59,F2,0.496
BL21,Δ7 ,JOE6969,78 ng/mL,9/13/2022,8:59,F3,0.11
BL21,wt,JOE2354,0 ng/mL,9/13/2022,8:59,H2,1.037
BL21,Δ7 ,JOE6969,0 ng/mL,9/13/2022,8:59,H3,0.672
BL21,wt,JOE2354,156 ng/mL,7/25/2022,9:29,E2,0.146
BL21,Δ7 ,JOE6969,156 ng/mL,7/25/2022,9:29,E3,0.104
BL21,wt,JOE2354,78 ng/mL,7/25/2022,9:29,F2,0.523
BL21,Δ7 ,JOE6969,78 ng/mL,7/25/2022,9:29,F3,0.133
BL21,wt,JOE2354,0 ng/mL,7/25/2022,9:29,H2,1.113
BL21,Δ7 ,JOE6969,0 ng/mL,7/25/2022,9:29,H3,0.897
BL21,wt,JOE2354,156 ng/mL,9/13/2022,9:29,E2,0.168
BL21,Δ7 ,JOE6969,156 ng/mL,9/13/2022,9:29,E3,0.098
BL21,wt,JOE2354,78 ng/mL,9/13/2022,9:29,F2,0.555
BL21,Δ7 ,JOE6969,78 ng/mL,9/13/2022,9:29,F3,0.112
BL21,wt,JOE2354,0 ng/mL,9/13/2022,9:29,H2,1.067
BL21,Δ7 ,JOE6969,0 ng/mL,9/13/2022,9:29,H3,0.781
BL21,wt,JOE2354,156 ng/mL,7/25/2022,9:59,E2,0.155
BL21,Δ7 ,JOE6969,156 ng/mL,7/25/2022,9:59,E3,0.105
BL21,wt,JOE2354,78 ng/mL,7/25/2022,9:59,F2,0.577
BL21,Δ7 ,JOE6969,78 ng/mL,7/25/2022,9:59,F3,0.14
BL21,wt,JOE2354,0 ng/mL,7/25/2022,9:59,H2,1.135
BL21,Δ7 ,JOE6969,0 ng/mL,7/25/2022,9:59,H3,0.929
BL21,wt,JOE2354,156 ng/mL,9/13/2022,9:59,E2,0.184
BL21,Δ7 ,JOE6969,156 ng/mL,9/13/2022,9:59,E3,0.098
BL21,wt,JOE2354,78 ng/mL,9/13/2022,9:59,F2,0.622
BL21,Δ7 ,JOE6969,78 ng/mL,9/13/2022,9:59,F3,0.116
BL21,wt,JOE2354,0 ng/mL,9/13/2022,9:59,H2,1.098
BL21,Δ7 ,JOE6969,0 ng/mL,9/13/2022,9:59,H3,0.838
BL21,wt,JOE2354,156 ng/mL,7/25/2022,10:29,E2,0.166
BL21,Δ7 ,JOE6969,156 ng/mL,7/25/2022,10:29,E3,0.112
BL21,wt,JOE2354,78 ng/mL,7/25/2022,10:29,F2,0.64
BL21,Δ7 ,JOE6969,78 ng/mL,7/25/2022,10:29,F3,0.148
BL21,wt,JOE2354,0 ng/mL,7/25/2022,10:29,H2,1.15
BL21,Δ7 ,JOE6969,0 ng/mL,7/25/2022,10:29,H3,0.972
BL21,wt,JOE2354,156 ng/mL,9/13/2022,10:29,E2,0.201
BL21,Δ7 ,JOE6969,156 ng/mL,9/13/2022,10:29,E3,0.099
BL21,wt,JOE2354,78 ng/mL,9/13/2022,10:29,F2,0.712
BL21,Δ7 ,JOE6969,78 ng/mL,9/13/2022,10:29,F3,0.12
BL21,wt,JOE2354,0 ng/mL,9/13/2022,10:29,H2,1.119
BL21,Δ7 ,JOE6969,0 ng/mL,9/13/2022,10:29,H3,0.877
BL21,wt,JOE2354,156 ng/mL,7/25/2022,10:59,E2,0.18
BL21,Δ7 ,JOE6969,156 ng/mL,7/25/2022,10:59,E3,0.107
BL21,wt,JOE2354,78 ng/mL,7/25/2022,10:59,F2,0.726
BL21,Δ7 ,JOE6969,78 ng/mL,7/25/2022,10:59,F3,0.16
BL21,wt,JOE2354,0 ng/mL,7/25/2022,10:59,H2,1.159
BL21,Δ7 ,JOE6969,0 ng/mL,7/25/2022,10:59,H3,1.011
BL21,wt,JOE2354,156 ng/mL,9/13/2022,10:59,E2,0.22
BL21,Δ7 ,JOE6969,156 ng/mL,9/13/2022,10:59,E3,0.099
BL21,wt,JOE2354,78 ng/mL,9/13/2022,10:59,F2,0.75
BL21,Δ7 ,JOE6969,78 ng/mL,9/13/2022,10:59,F3,0.126
BL21,wt,JOE2354,0 ng/mL,9/13/2022,10:59,H2,1.131
BL21,Δ7 ,JOE6969,0 ng/mL,9/13/2022,10:59,H3,0.924
BL21,wt,JOE2354,156 ng/mL,7/25/2022,11:29,E2,0.195
BL21,Δ7 ,JOE6969,156 ng/mL,7/25/2022,11:29,E3,0.108
BL21,wt,JOE2354,78 ng/mL,7/25/2022,11:29,F2,0.761
BL21,Δ7 ,JOE6969,78 ng/mL,7/25/2022,11:29,F3,0.174
BL21,wt,JOE2354,0 ng/mL,7/25/2022,11:29,H2,1.167
BL21,Δ7 ,JOE6969,0 ng/mL,7/25/2022,11:29,H3,1.039
BL21,wt,JOE2354,156 ng/mL,9/13/2022,11:29,E2,0.243
BL21,Δ7 ,JOE6969,156 ng/mL,9/13/2022,11:29,E3,0.1
BL21,wt,JOE2354,78 ng/mL,9/13/2022,11:29,F2,0.784
BL21,Δ7 ,JOE6969,78 ng/mL,9/13/2022,11:29,F3,0.132
BL21,wt,JOE2354,0 ng/mL,9/13/2022,11:29,H2,1.142
BL21,Δ7 ,JOE6969,0 ng/mL,9/13/2022,11:29,H3,0.968
BL21,wt,JOE2354,156 ng/mL,7/25/2022,11:59,E2,0.212
BL21,Δ7 ,JOE6969,156 ng/mL,7/25/2022,11:59,E3,0.11
BL21,wt,JOE2354,78 ng/mL,7/25/2022,11:59,F2,0.795
BL21,Δ7 ,JOE6969,78 ng/mL,7/25/2022,11:59,F3,0.19
BL21,wt,JOE2354,0 ng/mL,7/25/2022,11:59,H2,1.175
BL21,Δ7 ,JOE6969,0 ng/mL,7/25/2022,11:59,H3,1.059
BL21,wt,JOE2354,156 ng/mL,9/13/2022,11:59,E2,0.267
BL21,Δ7 ,JOE6969,156 ng/mL,9/13/2022,11:59,E3,0.1
BL21,wt,JOE2354,78 ng/mL,9/13/2022,11:59,F2,0.826
BL21,Δ7 ,JOE6969,78 ng/mL,9/13/2022,11:59,F3,0.14
BL21,wt,JOE2354,0 ng/mL,9/13/2022,11:59,H2,1.151
BL21,Δ7 ,JOE6969,0 ng/mL,9/13/2022,11:59,H3,0.995
BL21,wt,JOE2354,156 ng/mL,7/25/2022,12:29,E2,0.232
BL21,Δ7 ,JOE6969,156 ng/mL,7/25/2022,12:29,E3,0.113
BL21,wt,JOE2354,78 ng/mL,7/25/2022,12:29,F2,0.827
BL21,Δ7 ,JOE6969,78 ng/mL,7/25/2022,12:29,F3,0.213
BL21,wt,JOE2354,0 ng/mL,7/25/2022,12:29,H2,1.182
BL21,Δ7 ,JOE6969,0 ng/mL,7/25/2022,12:29,H3,1.076
BL21,wt,JOE2354,156 ng/mL,9/13/2022,12:29,E2,0.297
BL21,Δ7 ,JOE6969,156 ng/mL,9/13/2022,12:29,E3,0.101
BL21,wt,JOE2354,78 ng/mL,9/13/2022,12:29,F2,0.861
BL21,Δ7 ,JOE6969,78 ng/mL,9/13/2022,12:29,F3,0.15
BL21,wt,JOE2354,0 ng/mL,9/13/2022,12:29,H2,1.157
BL21,Δ7 ,JOE6969,0 ng/mL,9/13/2022,12:29,H3,1.014
BL21,wt,JOE2354,156 ng/mL,7/25/2022,12:59,E2,0.254
BL21,Δ7 ,JOE6969,156 ng/mL,7/25/2022,12:59,E3,0.113
BL21,wt,JOE2354,78 ng/mL,7/25/2022,12:59,F2,0.857
BL21,Δ7 ,JOE6969,78 ng/mL,7/25/2022,12:59,F3,0.24
BL21,wt,JOE2354,0 ng/mL,7/25/2022,12:59,H2,1.19
BL21,Δ7 ,JOE6969,0 ng/mL,7/25/2022,12:59,H3,1.095
BL21,wt,JOE2354,156 ng/mL,9/13/2022,12:59,E2,0.336
BL21,Δ7 ,JOE6969,156 ng/mL,9/13/2022,12:59,E3,0.102
BL21,wt,JOE2354,78 ng/mL,9/13/2022,12:59,F2,0.885
BL21,Δ7 ,JOE6969,78 ng/mL,9/13/2022,12:59,F3,0.163
BL21,wt,JOE2354,0 ng/mL,9/13/2022,12:59,H2,1.165
BL21,Δ7 ,JOE6969,0 ng/mL,9/13/2022,12:59,H3,1.027
BL21,wt,JOE2354,156 ng/mL,7/25/2022,13:29,E2,0.278
BL21,Δ7 ,JOE6969,156 ng/mL,7/25/2022,13:29,E3,0.116
BL21,wt,JOE2354,78 ng/mL,7/25/2022,13:29,F2,0.889
BL21,Δ7 ,JOE6969,78 ng/mL,7/25/2022,13:29,F3,0.277
BL21,wt,JOE2354,0 ng/mL,7/25/2022,13:29,H2,1.196
BL21,Δ7 ,JOE6969,0 ng/mL,7/25/2022,13:29,H3,1.115
BL21,wt,JOE2354,156 ng/mL,9/13/2022,13:29,E2,0.381
BL21,Δ7 ,JOE6969,156 ng/mL,9/13/2022,13:29,E3,0.102
BL21,wt,JOE2354,78 ng/mL,9/13/2022,13:29,F2,0.919
BL21,Δ7 ,JOE6969,78 ng/mL,9/13/2022,13:29,F3,0.181
BL21,wt,JOE2354,0 ng/mL,9/13/2022,13:29,H2,1.171
BL21,Δ7 ,JOE6969,0 ng/mL,9/13/2022,13:29,H3,1.044
BL21,wt,JOE2354,156 ng/mL,7/25/2022,13:59,E2,0.301
BL21,Δ7 ,JOE6969,156 ng/mL,7/25/2022,13:59,E3,0.12
BL21,wt,JOE2354,78 ng/mL,7/25/2022,13:59,F2,0.921
BL21,Δ7 ,JOE6969,78 ng/mL,7/25/2022,13:59,F3,0.32
BL21,wt,JOE2354,0 ng/mL,7/25/2022,13:59,H2,1.2
BL21,Δ7 ,JOE6969,0 ng/mL,7/25/2022,13:59,H3,1.132
BL21,wt,JOE2354,156 ng/mL,9/13/2022,13:59,E2,0.432
BL21,Δ7 ,JOE6969,156 ng/mL,9/13/2022,13:59,E3,0.103
BL21,wt,JOE2354,78 ng/mL,9/13/2022,13:59,F2,0.952
BL21,Δ7 ,JOE6969,78 ng/mL,9/13/2022,13:59,F3,0.2
BL21,wt,JOE2354,0 ng/mL,9/13/2022,13:59,H2,1.176
BL21,Δ7 ,JOE6969,0 ng/mL,9/13/2022,13:59,H3,1.058
BL21,wt,JOE2354,156 ng/mL,7/25/2022,14:29,E2,0.335
BL21,Δ7 ,JOE6969,156 ng/mL,7/25/2022,14:29,E3,0.125
BL21,wt,JOE2354,78 ng/mL,7/25/2022,14:29,F2,0.96
BL21,Δ7 ,JOE6969,78 ng/mL,7/25/2022,14:29,F3,0.374
BL21,wt,JOE2354,0 ng/mL,7/25/2022,14:29,H2,1.205
BL21,Δ7 ,JOE6969,0 ng/mL,7/25/2022,14:29,H3,1.142
BL21,wt,JOE2354,156 ng/mL,9/13/2022,14:29,E2,0.474
BL21,Δ7 ,JOE6969,156 ng/mL,9/13/2022,14:29,E3,0.104
BL21,wt,JOE2354,78 ng/mL,9/13/2022,14:29,F2,0.974
BL21,Δ7 ,JOE6969,78 ng/mL,9/13/2022,14:29,F3,0.226
BL21,wt,JOE2354,0 ng/mL,9/13/2022,14:29,H2,1.179
BL21,Δ7 ,JOE6969,0 ng/mL,9/13/2022,14:29,H3,1.072
BL21,wt,JOE2354,156 ng/mL,7/25/2022,14:59,E2,0.372
BL21,Δ7 ,JOE6969,156 ng/mL,7/25/2022,14:59,E3,0.133
BL21,wt,JOE2354,78 ng/mL,7/25/2022,14:59,F2,0.993
BL21,Δ7 ,JOE6969,78 ng/mL,7/25/2022,14:59,F3,0.449
BL21,wt,JOE2354,0 ng/mL,7/25/2022,14:59,H2,1.209
BL21,Δ7 ,JOE6969,0 ng/mL,7/25/2022,14:59,H3,1.15
BL21,wt,JOE2354,156 ng/mL,9/13/2022,14:59,E2,0.52
BL21,Δ7 ,JOE6969,156 ng/mL,9/13/2022,14:59,E3,0.105
BL21,wt,JOE2354,78 ng/mL,9/13/2022,14:59,F2,0.995
BL21,Δ7 ,JOE6969,78 ng/mL,9/13/2022,14:59,F3,0.257
BL21,wt,JOE2354,0 ng/mL,9/13/2022,14:59,H2,1.185
BL21,Δ7 ,JOE6969,0 ng/mL,9/13/2022,14:59,H3,1.087
BL21,wt,JOE2354,156 ng/mL,7/25/2022,15:29,E2,0.414
BL21,Δ7 ,JOE6969,156 ng/mL,7/25/2022,15:29,E3,0.144
BL21,wt,JOE2354,78 ng/mL,7/25/2022,15:29,F2,1.012
BL21,Δ7 ,JOE6969,78 ng/mL,7/25/2022,15:29,F3,0.508
BL21,wt,JOE2354,0 ng/mL,7/25/2022,15:29,H2,1.213
BL21,Δ7 ,JOE6969,0 ng/mL,7/25/2022,15:29,H3,1.159
BL21,wt,JOE2354,156 ng/mL,9/13/2022,15:29,E2,0.566
BL21,Δ7 ,JOE6969,156 ng/mL,9/13/2022,15:29,E3,0.107
BL21,wt,JOE2354,78 ng/mL,9/13/2022,15:29,F2,1.017
BL21,Δ7 ,JOE6969,78 ng/mL,9/13/2022,15:29,F3,0.295
BL21,wt,JOE2354,0 ng/mL,9/13/2022,15:29,H2,1.186
BL21,Δ7 ,JOE6969,0 ng/mL,9/13/2022,15:29,H3,1.1
BL21,wt,JOE2354,156 ng/mL,7/25/2022,15:59,E2,0.448
BL21,Δ7 ,JOE6969,156 ng/mL,7/25/2022,15:59,E3,0.162
BL21,wt,JOE2354,78 ng/mL,7/25/2022,15:59,F2,1.034
BL21,Δ7 ,JOE6969,78 ng/mL,7/25/2022,15:59,F3,0.582
BL21,wt,JOE2354,0 ng/mL,7/25/2022,15:59,H2,1.218
BL21,Δ7 ,JOE6969,0 ng/mL,7/25/2022,15:59,H3,1.165
BL21,wt,JOE2354,156 ng/mL,9/13/2022,15:59,E2,0.63
BL21,Δ7 ,JOE6969,156 ng/mL,9/13/2022,15:59,E3,0.108
BL21,wt,JOE2354,78 ng/mL,9/13/2022,15:59,F2,1.035
BL21,Δ7 ,JOE6969,78 ng/mL,9/13/2022,15:59,F3,0.344
BL21,wt,JOE2354,0 ng/mL,9/13/2022,15:59,H2,1.189
BL21,Δ7 ,JOE6969,0 ng/mL,9/13/2022,15:59,H3,1.111
BL21,wt,JOE2354,156 ng/mL,7/25/2022,16:29,E2,0.481
BL21,Δ7 ,JOE6969,156 ng/mL,7/25/2022,16:29,E3,0.187
BL21,wt,JOE2354,78 ng/mL,7/25/2022,16:29,F2,1.055
BL21,Δ7 ,JOE6969,78 ng/mL,7/25/2022,16:29,F3,0.654
BL21,wt,JOE2354,0 ng/mL,7/25/2022,16:29,H2,1.224
BL21,Δ7 ,JOE6969,0 ng/mL,7/25/2022,16:29,H3,1.177
BL21,wt,JOE2354,156 ng/mL,9/13/2022,16:29,E2,0.669
BL21,Δ7 ,JOE6969,156 ng/mL,9/13/2022,16:29,E3,0.11
BL21,wt,JOE2354,78 ng/mL,9/13/2022,16:29,F2,1.052
BL21,Δ7 ,JOE6969,78 ng/mL,9/13/2022,16:29,F3,0.411
BL21,wt,JOE2354,0 ng/mL,9/13/2022,16:29,H2,1.195
BL21,Δ7 ,JOE6969,0 ng/mL,9/13/2022,16:29,H3,1.122
BL21,wt,JOE2354,156 ng/mL,7/25/2022,16:59,E2,0.518
BL21,Δ7 ,JOE6969,156 ng/mL,7/25/2022,16:59,E3,0.232
BL21,wt,JOE2354,78 ng/mL,7/25/2022,16:59,F2,1.071
BL21,Δ7 ,JOE6969,78 ng/mL,7/25/2022,16:59,F3,0.736
BL21,wt,JOE2354,0 ng/mL,7/25/2022,16:59,H2,1.228
BL21,Δ7 ,JOE6969,0 ng/mL,7/25/2022,16:59,H3,1.182
BL21,wt,JOE2354,156 ng/mL,9/13/2022,16:59,E2,0.693
BL21,Δ7 ,JOE6969,156 ng/mL,9/13/2022,16:59,E3,0.112
BL21,wt,JOE2354,78 ng/mL,9/13/2022,16:59,F2,1.068
BL21,Δ7 ,JOE6969,78 ng/mL,9/13/2022,16:59,F3,0.467
BL21,wt,JOE2354,0 ng/mL,9/13/2022,16:59,H2,1.198
BL21,Δ7 ,JOE6969,0 ng/mL,9/13/2022,16:59,H3,1.126
BL21,wt,JOE2354,156 ng/mL,7/25/2022,17:29,E2,0.56
BL21,Δ7 ,JOE6969,156 ng/mL,7/25/2022,17:29,E3,0.259
BL21,wt,JOE2354,78 ng/mL,7/25/2022,17:29,F2,1.085
BL21,Δ7 ,JOE6969,78 ng/mL,7/25/2022,17:29,F3,0.782
BL21,wt,JOE2354,0 ng/mL,7/25/2022,17:29,H2,1.231
BL21,Δ7 ,JOE6969,0 ng/mL,7/25/2022,17:29,H3,1.186
BL21,wt,JOE2354,156 ng/mL,9/13/2022,17:29,E2,0.719
BL21,Δ7 ,JOE6969,156 ng/mL,9/13/2022,17:29,E3,0.115
BL21,wt,JOE2354,78 ng/mL,9/13/2022,17:29,F2,1.082
BL21,Δ7 ,JOE6969,78 ng/mL,9/13/2022,17:29,F3,0.525
BL21,wt,JOE2354,0 ng/mL,9/13/2022,17:29,H2,1.2
BL21,Δ7 ,JOE6969,0 ng/mL,9/13/2022,17:29,H3,1.133
BL21,wt,JOE2354,156 ng/mL,7/25/2022,17:59,E2,0.615
BL21,Δ7 ,JOE6969,156 ng/mL,7/25/2022,17:59,E3,0.306
BL21,wt,JOE2354,78 ng/mL,7/25/2022,17:59,F2,1.097
BL21,Δ7 ,JOE6969,78 ng/mL,7/25/2022,17:59,F3,0.825
BL21,wt,JOE2354,0 ng/mL,7/25/2022,17:59,H2,1.234
BL21,Δ7 ,JOE6969,0 ng/mL,7/25/2022,17:59,H3,1.19
BL21,wt,JOE2354,156 ng/mL,9/13/2022,17:59,E2,0.747
BL21,Δ7 ,JOE6969,156 ng/mL,9/13/2022,17:59,E3,0.118
BL21,wt,JOE2354,78 ng/mL,9/13/2022,17:59,F2,1.096
BL21,Δ7 ,JOE6969,78 ng/mL,9/13/2022,17:59,F3,0.595
BL21,wt,JOE2354,0 ng/mL,9/13/2022,17:59,H2,1.203
BL21,Δ7 ,JOE6969,0 ng/mL,9/13/2022,17:59,H3,1.138
BL21,wt,JOE2354,156 ng/mL,7/25/2022,18:29,E2,0.648
BL21,Δ7 ,JOE6969,156 ng/mL,7/25/2022,18:29,E3,0.371
BL21,wt,JOE2354,78 ng/mL,7/25/2022,18:29,F2,1.108
BL21,Δ7 ,JOE6969,78 ng/mL,7/25/2022,18:29,F3,0.868
BL21,wt,JOE2354,0 ng/mL,7/25/2022,18:29,H2,1.237
BL21,Δ7 ,JOE6969,0 ng/mL,7/25/2022,18:29,H3,1.189
BL21,wt,JOE2354,156 ng/mL,9/13/2022,18:29,E2,0.775
BL21,Δ7 ,JOE6969,156 ng/mL,9/13/2022,18:29,E3,0.122
BL21,wt,JOE2354,78 ng/mL,9/13/2022,18:29,F2,1.109
BL21,Δ7 ,JOE6969,78 ng/mL,9/13/2022,18:29,F3,0.626
BL21,wt,JOE2354,0 ng/mL,9/13/2022,18:29,H2,1.205
BL21,Δ7 ,JOE6969,0 ng/mL,9/13/2022,18:29,H3,1.143
BL21,wt,JOE2354,156 ng/mL,7/25/2022,18:59,E2,0.671
BL21,Δ7 ,JOE6969,156 ng/mL,7/25/2022,18:59,E3,0.426
BL21,wt,JOE2354,78 ng/mL,7/25/2022,18:59,F2,1.12
BL21,Δ7 ,JOE6969,78 ng/mL,7/25/2022,18:59,F3,0.916
BL21,wt,JOE2354,0 ng/mL,7/25/2022,18:59,H2,1.24
BL21,Δ7 ,JOE6969,0 ng/mL,7/25/2022,18:59,H3,1.194
BL21,wt,JOE2354,156 ng/mL,9/13/2022,18:59,E2,0.803
BL21,Δ7 ,JOE6969,156 ng/mL,9/13/2022,18:59,E3,0.127
BL21,wt,JOE2354,78 ng/mL,9/13/2022,18:59,F2,1.122
BL21,Δ7 ,JOE6969,78 ng/mL,9/13/2022,18:59,F3,0.659
BL21,wt,JOE2354,0 ng/mL,9/13/2022,18:59,H2,1.208
BL21,Δ7 ,JOE6969,0 ng/mL,9/13/2022,18:59,H3,1.144
BL21,wt,JOE2354,156 ng/mL,7/25/2022,19:29,E2,0.695
BL21,Δ7 ,JOE6969,156 ng/mL,7/25/2022,19:29,E3,0.511
BL21,wt,JOE2354,78 ng/mL,7/25/2022,19:29,F2,1.13
BL21,Δ7 ,JOE6969,78 ng/mL,7/25/2022,19:29,F3,0.964
BL21,wt,JOE2354,0 ng/mL,7/25/2022,19:29,H2,1.243
BL21,Δ7 ,JOE6969,0 ng/mL,7/25/2022,19:29,H3,1.194
BL21,wt,JOE2354,156 ng/mL,9/13/2022,19:29,E2,0.835
BL21,Δ7 ,JOE6969,156 ng/mL,9/13/2022,19:29,E3,0.133
BL21,wt,JOE2354,78 ng/mL,9/13/2022,19:29,F2,1.134
BL21,Δ7 ,JOE6969,78 ng/mL,9/13/2022,19:29,F3,0.696
BL21,wt,JOE2354,0 ng/mL,9/13/2022,19:29,H2,1.21
BL21,Δ7 ,JOE6969,0 ng/mL,9/13/2022,19:29,H3,1.149
BL21,wt,JOE2354,156 ng/mL,7/25/2022,19:59,E2,0.716
BL21,Δ7 ,JOE6969,156 ng/mL,7/25/2022,19:59,E3,0.565
BL21,wt,JOE2354,78 ng/mL,7/25/2022,19:59,F2,1.139
BL21,Δ7 ,JOE6969,78 ng/mL,7/25/2022,19:59,F3,1.008
BL21,wt,JOE2354,0 ng/mL,7/25/2022,19:59,H2,1.244
BL21,Δ7 ,JOE6969,0 ng/mL,7/25/2022,19:59,H3,1.193
BL21,wt,JOE2354,156 ng/mL,9/13/2022,19:59,E2,0.858
BL21,Δ7 ,JOE6969,156 ng/mL,9/13/2022,19:59,E3,0.141
BL21,wt,JOE2354,78 ng/mL,9/13/2022,19:59,F2,1.146
BL21,Δ7 ,JOE6969,78 ng/mL,9/13/2022,19:59,F3,0.729
BL21,wt,JOE2354,0 ng/mL,9/13/2022,19:59,H2,1.214
BL21,Δ7 ,JOE6969,0 ng/mL,9/13/2022,19:59,H3,1.15
BL21,wt,JOE2354,156 ng/mL,7/25/2022,20:29,E2,0.739
BL21,Δ7 ,JOE6969,156 ng/mL,7/25/2022,20:29,E3,0.602
BL21,wt,JOE2354,78 ng/mL,7/25/2022,20:29,F2,1.148
BL21,Δ7 ,JOE6969,78 ng/mL,7/25/2022,20:29,F3,1.044
BL21,wt,JOE2354,0 ng/mL,7/25/2022,20:29,H2,1.246
BL21,Δ7 ,JOE6969,0 ng/mL,7/25/2022,20:29,H3,1.199
BL21,wt,JOE2354,156 ng/mL,9/13/2022,20:29,E2,0.878
BL21,Δ7 ,JOE6969,156 ng/mL,9/13/2022,20:29,E3,0.151
BL21,wt,JOE2354,78 ng/mL,9/13/2022,20:29,F2,1.157
BL21,Δ7 ,JOE6969,78 ng/mL,9/13/2022,20:29,F3,0.768
BL21,wt,JOE2354,0 ng/mL,9/13/2022,20:29,H2,1.216
BL21,Δ7 ,JOE6969,0 ng/mL,9/13/2022,20:29,H3,1.164
BL21,wt,JOE2354,156 ng/mL,7/25/2022,20:59,E2,0.761
BL21,Δ7 ,JOE6969,156 ng/mL,7/25/2022,20:59,E3,0.652
BL21,wt,JOE2354,78 ng/mL,7/25/2022,20:59,F2,1.157
BL21,Δ7 ,JOE6969,78 ng/mL,7/25/2022,20:59,F3,1.081
BL21,wt,JOE2354,0 ng/mL,7/25/2022,20:59,H2,1.248
BL21,Δ7 ,JOE6969,0 ng/mL,7/25/2022,20:59,H3,1.197
BL21,wt,JOE2354,156 ng/mL,9/13/2022,20:59,E2,0.899
BL21,Δ7 ,JOE6969,156 ng/mL,9/13/2022,20:59,E3,0.164
BL21,wt,JOE2354,78 ng/mL,9/13/2022,20:59,F2,1.167
BL21,Δ7 ,JOE6969,78 ng/mL,9/13/2022,20:59,F3,0.794
BL21,wt,JOE2354,0 ng/mL,9/13/2022,20:59,H2,1.216
BL21,Δ7 ,JOE6969,0 ng/mL,9/13/2022,20:59,H3,1.164
BL21,wt,JOE2354,156 ng/mL,7/25/2022,21:29,E2,0.781
BL21,Δ7 ,JOE6969,156 ng/mL,7/25/2022,21:29,E3,0.699
BL21,wt,JOE2354,78 ng/mL,7/25/2022,21:29,F2,1.165
BL21,Δ7 ,JOE6969,78 ng/mL,7/25/2022,21:29,F3,1.112
BL21,wt,JOE2354,0 ng/mL,7/25/2022,21:29,H2,1.25
BL21,Δ7 ,JOE6969,0 ng/mL,7/25/2022,21:29,H3,1.198
BL21,wt,JOE2354,156 ng/mL,9/13/2022,21:29,E2,0.917
BL21,Δ7 ,JOE6969,156 ng/mL,9/13/2022,21:29,E3,0.177
BL21,wt,JOE2354,78 ng/mL,9/13/2022,21:29,F2,1.176
BL21,Δ7 ,JOE6969,78 ng/mL,9/13/2022,21:29,F3,0.818
BL21,wt,JOE2354,0 ng/mL,9/13/2022,21:29,H2,1.219
BL21,Δ7 ,JOE6969,0 ng/mL,9/13/2022,21:29,H3,1.162
BL21,wt,JOE2354,156 ng/mL,7/25/2022,21:59,E2,0.8
BL21,Δ7 ,JOE6969,156 ng/mL,7/25/2022,21:59,E3,0.748
BL21,wt,JOE2354,78 ng/mL,7/25/2022,21:59,F2,1.173
BL21,Δ7 ,JOE6969,78 ng/mL,7/25/2022,21:59,F3,1.135
BL21,wt,JOE2354,0 ng/mL,7/25/2022,21:59,H2,1.251
BL21,Δ7 ,JOE6969,0 ng/mL,7/25/2022,21:59,H3,1.195
BL21,wt,JOE2354,156 ng/mL,9/13/2022,21:59,E2,0.934
BL21,Δ7 ,JOE6969,156 ng/mL,9/13/2022,21:59,E3,0.196
BL21,wt,JOE2354,78 ng/mL,9/13/2022,21:59,F2,1.185
BL21,Δ7 ,JOE6969,78 ng/mL,9/13/2022,21:59,F3,0.837
BL21,wt,JOE2354,0 ng/mL,9/13/2022,21:59,H2,1.222
BL21,Δ7 ,JOE6969,0 ng/mL,9/13/2022,21:59,H3,1.158
BL21,wt,JOE2354,156 ng/mL,7/25/2022,22:29,E2,0.823
BL21,Δ7 ,JOE6969,156 ng/mL,7/25/2022,22:29,E3,0.795
BL21,wt,JOE2354,78 ng/mL,7/25/2022,22:29,F2,1.181
BL21,Δ7 ,JOE6969,78 ng/mL,7/25/2022,22:29,F3,1.151
BL21,wt,JOE2354,0 ng/mL,7/25/2022,22:29,H2,1.254
BL21,Δ7 ,JOE6969,0 ng/mL,7/25/2022,22:29,H3,1.193
BL21,wt,JOE2354,156 ng/mL,9/13/2022,22:29,E2,0.948
BL21,Δ7 ,JOE6969,156 ng/mL,9/13/2022,22:29,E3,0.218
BL21,wt,JOE2354,78 ng/mL,9/13/2022,22:29,F2,1.192
BL21,Δ7 ,JOE6969,78 ng/mL,9/13/2022,22:29,F3,0.859
BL21,wt,JOE2354,0 ng/mL,9/13/2022,22:29,H2,1.231
BL21,Δ7 ,JOE6969,0 ng/mL,9/13/2022,22:29,H3,1.154
BL21,wt,JOE2354,156 ng/mL,7/25/2022,22:59,E2,0.847
BL21,Δ7 ,JOE6969,156 ng/mL,7/25/2022,22:59,E3,0.836
BL21,wt,JOE2354,78 ng/mL,7/25/2022,22:59,F2,1.188
BL21,Δ7 ,JOE6969,78 ng/mL,7/25/2022,22:59,F3,1.164
BL21,wt,JOE2354,0 ng/mL,7/25/2022,22:59,H2,1.254
BL21,Δ7 ,JOE6969,0 ng/mL,7/25/2022,22:59,H3,1.189
BL21,wt,JOE2354,156 ng/mL,9/13/2022,22:59,E2,0.962
BL21,Δ7 ,JOE6969,156 ng/mL,9/13/2022,22:59,E3,0.245
BL21,wt,JOE2354,78 ng/mL,9/13/2022,22:59,F2,1.198
BL21,Δ7 ,JOE6969,78 ng/mL,9/13/2022,22:59,F3,0.876
BL21,wt,JOE2354,0 ng/mL,9/13/2022,22:59,H2,1.233
BL21,Δ7 ,JOE6969,0 ng/mL,9/13/2022,22:59,H3,1.148
BL21,wt,JOE2354,156 ng/mL,7/25/2022,23:29,E2,0.871
BL21,Δ7 ,JOE6969,156 ng/mL,7/25/2022,23:29,E3,0.883
BL21,wt,JOE2354,78 ng/mL,7/25/2022,23:29,F2,1.195
BL21,Δ7 ,JOE6969,78 ng/mL,7/25/2022,23:29,F3,1.175
BL21,wt,JOE2354,0 ng/mL,7/25/2022,23:29,H2,1.255
BL21,Δ7 ,JOE6969,0 ng/mL,7/25/2022,23:29,H3,1.188
BL21,wt,JOE2354,156 ng/mL,9/13/2022,23:29,E2,0.977
BL21,Δ7 ,JOE6969,156 ng/mL,9/13/2022,23:29,E3,0.275
BL21,wt,JOE2354,78 ng/mL,9/13/2022,23:29,F2,1.206
BL21,Δ7 ,JOE6969,78 ng/mL,9/13/2022,23:29,F3,0.89
BL21,wt,JOE2354,0 ng/mL,9/13/2022,23:29,H2,1.234
BL21,Δ7 ,JOE6969,0 ng/mL,9/13/2022,23:29,H3,1.143
BL21,wt,JOE2354,156 ng/mL,7/25/2022,23:59,E2,0.893
BL21,Δ7 ,JOE6969,156 ng/mL,7/25/2022,23:59,E3,0.927
BL21,wt,JOE2354,78 ng/mL,7/25/2022,23:59,F2,1.202
BL21,Δ7 ,JOE6969,78 ng/mL,7/25/2022,23:59,F3,1.184
BL21,wt,JOE2354,0 ng/mL,7/25/2022,23:59,H2,1.26
BL21,Δ7 ,JOE6969,0 ng/mL,7/25/2022,23:59,H3,1.183
BL21,wt,JOE2354,156 ng/mL,9/13/2022,23:59,E2,0.991
BL21,Δ7 ,JOE6969,156 ng/mL,9/13/2022,23:59,E3,0.315
BL21,wt,JOE2354,78 ng/mL,9/13/2022,23:59,F2,1.211
BL21,wt,JOE2354,78 ng/mL,9/13/2022,23:59,F3,0.906
BL21,wt,JOE2354,0 ng/mL,9/13/2022,23:59,H2,1.234
BL21,Δ7 ,JOE6969,0 ng/mL,9/13/2022,23:59,H3,1.141
