Strains Present In this Data Sheet:,,,,,,,,,,,,,,,,,,,,,,,,,,,,,,,,,,,,,,,
"E. coli BW25113 with the following mutations: (ΔmdtK::kan), (ΔacrAB::kan), (ΔacrAB), (ΔacrAB ΔmdtK)",,,,,,,,,,,,,,,,,,,,,,,,,,,,,,,,,,,,,,,
,,,,,,,,,,,,,,,,,,,,,,,,,,,,,,,,,,,,,,,
,,,,,,,,,,,,,,,,,,,,,,,,,,,,,,,,,,,,,,,
"Data Present: 220728 Nor MIC at 80, 40, 20, 10 and 0 ng/mL. Abnormal JOE7051 behavior from this assay will exclude it from the calculated growth averages and standard deviations.",,,,,,,,,,,,,,,,,,,,,,,,,,,,,,,,,,,,,,,
Nor conc.,80 ng/mL,80 ng/mL,80 ng/mL,80 ng/mL,80 ng/mL,80 ng/mL,,Nor conc.,40 ng/mL,40 ng/mL,40 ng/mL,40 ng/mL,40 ng/mL,40 ng/mL,,Nor conc.,20 ng/mL,20 ng/mL,20 ng/mL,20 ng/mL,20 ng/mL,20 ng/mL,,Nor conc.,10 ng/mL,10 ng/mL,10 ng/mL,10 ng/mL,10 ng/mL,10 ng/mL,,Nor conc.,0 ng/mL,0 ng/mL,0 ng/mL,0 ng/mL,0 ng/mL,0 ng/mL,
Strain ID,JOE6970,JOE6971,JOE6974,JOE6975,JOE7051,JOE7052,,Strain ID,JOE6970,JOE6971,JOE6974,JOE6975,JOE7051,JOE7052,,Strain ID,JOE6970,JOE6971,JOE6974,JOE6975,JOE7051,JOE7052,,Strain ID,JOE6970,JOE6971,JOE6974,JOE6975,JOE7051,JOE7052,,Strain ID,JOE6970,JOE6971,JOE6974,JOE6975,JOE7051,JOE7052,
E. coli sp.,BW25113,BW25113,BW25113,BW25113,BW25113,BW25113,,E. coli sp.,BW25113,BW25113,BW25113,BW25113,BW25113,BW25113,,E. coli sp.,BW25113,BW25113,BW25113,BW25113,BW25113,BW25113,,E. coli sp.,BW25113,BW25113,BW25113,BW25113,BW25113,BW25113,,E. coli sp.,BW25113,BW25113,BW25113,BW25113,BW25113,BW25113,
Mutations,wt,ΔmdtK::kan,ΔacrAB::kan,ΔacrAB,ΔacrAB ΔmdtK,ΔacrAB ΔmdtK,,Mutations,wt,ΔmdtK::kan,ΔacrAB::kan,ΔacrAB,ΔacrAB ΔmdtK,ΔacrAB ΔmdtK,,Mutations,wt,ΔmdtK::kan,ΔacrAB::kan,ΔacrAB,ΔacrAB ΔmdtK,ΔacrAB ΔmdtK,,Mutations,wt,ΔmdtK::kan,ΔacrAB::kan,ΔacrAB,ΔacrAB ΔmdtK,ΔacrAB ΔmdtK,,Mutations,wt,ΔmdtK::kan,ΔacrAB::kan,ΔacrAB,ΔacrAB ΔmdtK,ΔacrAB ΔmdtK,
Time,D4,D5,D6,D7,D8,D9,,,E4,E5,E6,E7,E8,E9,,,F4,F5,F6,F7,F8,F9,,,G4,G5,G6,G7,G8,G9,,,H4,H5,H6,H7,H8,H9,
0:00,0.099,0.1,0.096,0.097,0.098,0.096,,,0.097,0.097,0.097,0.097,0.105,0.099,,,0.098,0.096,0.098,0.096,0.096,0.097,,,0.096,0.097,0.101,0.095,0.098,0.101,,,0.099,0.098,0.098,0.097,0.097,0.095,
0:29,0.101,0.102,0.097,0.098,0.099,0.098,,,0.099,0.099,0.098,0.098,0.101,0.101,,,0.1,0.097,0.1,0.097,0.098,0.098,,,0.099,0.099,0.103,0.096,0.099,0.102,,,0.101,0.1,0.1,0.099,0.099,0.096,
0:59,0.104,0.105,0.099,0.1,0.102,0.099,,,0.103,0.102,0.1,0.101,0.103,0.103,,,0.103,0.1,0.102,0.1,0.1,0.101,,,0.102,0.102,0.102,0.099,0.102,0.105,,,0.104,0.103,0.102,0.102,0.102,0.1,
1:29,0.112,0.11,0.102,0.103,0.107,0.101,,,0.111,0.108,0.105,0.105,0.108,0.106,,,0.11,0.107,0.108,0.106,0.107,0.106,,,0.11,0.109,0.115,0.105,0.108,0.111,,,0.111,0.11,0.107,0.108,0.11,0.105,
1:59,0.125,0.118,0.106,0.108,0.117,0.104,,,0.128,0.121,0.113,0.112,0.119,0.111,,,0.124,0.119,0.118,0.116,0.119,0.114,,,0.125,0.122,0.12,0.115,0.12,0.122,,,0.124,0.123,0.117,0.12,0.124,0.117,
2:29,0.143,0.131,0.112,0.113,0.13,0.108,,,0.155,0.141,0.124,0.123,0.136,0.117,,,0.147,0.142,0.134,0.133,0.14,0.127,,,0.15,0.143,0.143,0.135,0.141,0.142,,,0.144,0.143,0.134,0.139,0.146,0.136,
2:59,0.166,0.146,0.118,0.12,0.145,0.111,,,0.201,0.172,0.136,0.135,0.16,0.125,,,0.187,0.179,0.155,0.154,0.175,0.142,,,0.191,0.18,0.18,0.167,0.175,0.17,,,0.179,0.179,0.161,0.169,0.184,0.165,
3:29,0.195,0.161,0.125,0.127,0.16,0.115,,,0.272,0.216,0.147,0.146,0.194,0.131,,,0.252,0.24,0.178,0.179,0.232,0.156,,,0.26,0.24,0.234,0.216,0.231,0.211,,,0.237,0.237,0.203,0.219,0.246,0.215,
3:59,0.233,0.176,0.131,0.134,0.175,0.118,,,0.375,0.276,0.158,0.155,0.246,0.138,,,0.354,0.335,0.209,0.21,0.32,0.169,,,0.362,0.339,0.313,0.287,0.32,0.265,,,0.336,0.331,0.277,0.303,0.344,0.293,
4:29,0.279,0.197,0.137,0.14,0.19,0.121,,,0.496,0.352,0.167,0.165,0.306,0.143,,,0.479,0.466,0.248,0.252,0.446,0.185,,,0.475,0.453,0.406,0.383,0.435,0.32,,,0.439,0.435,0.37,0.392,0.446,0.389,
4:59,0.312,0.215,0.142,0.144,0.205,0.123,,,0.608,0.425,0.173,0.172,0.368,0.147,,,0.597,0.595,0.287,0.292,0.584,0.2,,,0.588,0.565,0.487,0.477,0.542,0.352,,,0.545,0.546,0.465,0.486,0.558,0.477,
5:29,0.327,0.233,0.146,0.149,0.218,0.125,,,0.7,0.493,0.18,0.176,0.422,0.151,,,0.71,0.704,0.307,0.317,0.689,0.212,,,0.72,0.673,0.548,0.549,0.65,0.365,,,0.653,0.653,0.582,0.604,0.679,0.59,
5:59,0.336,0.242,0.148,0.152,0.228,0.125,,,0.808,0.554,0.184,0.18,0.47,0.151,,,0.859,0.858,0.321,0.327,0.844,0.223,,,0.844,0.81,0.604,0.61,0.789,0.363,,,0.785,0.778,0.704,0.726,0.798,0.732,
6:29,0.34,0.249,0.149,0.152,0.237,0.125,,,0.894,0.6,0.185,0.183,0.516,0.152,,,0.977,0.976,0.321,0.326,0.969,0.231,,,0.946,0.916,0.659,0.67,0.897,0.366,,,0.885,0.875,0.774,0.818,0.892,0.818,
6:59,0.342,0.25,0.149,0.151,0.239,0.125,,,0.946,0.649,0.186,0.183,0.544,0.149,,,1.074,1.077,0.315,0.322,1.073,0.236,,,1.032,1.007,0.712,0.728,0.99,0.364,,,0.972,0.959,0.857,0.919,0.974,0.908,
7:29,0.344,0.253,0.148,0.152,0.24,0.124,,,0.997,0.676,0.187,0.183,0.565,0.149,,,1.156,1.158,0.319,0.315,1.158,0.24,,,1.115,1.079,0.758,0.787,1.062,0.365,,,1.046,1.024,0.91,0.987,1.038,0.957,
7:59,0.345,0.246,0.148,0.15,0.241,0.123,,,1.032,0.691,0.187,0.184,0.584,0.147,,,1.237,1.222,0.319,0.318,1.216,0.239,,,1.197,1.161,0.805,0.845,1.143,0.365,,,1.133,1.103,0.983,1.09,1.118,1.058,
8:29,0.344,0.248,0.147,0.15,0.241,0.123,,,1.053,0.701,0.186,0.182,0.595,0.147,,,1.297,1.276,0.317,0.32,1.275,0.238,,,1.263,1.229,0.854,0.896,1.213,0.361,,,1.205,1.179,1.049,1.172,1.191,1.152,
8:59,0.338,0.247,0.146,0.149,0.239,0.122,,,1.075,0.704,0.184,0.181,0.588,0.146,,,1.325,1.314,0.316,0.321,1.316,0.239,,,1.299,1.281,0.899,0.95,1.268,0.348,,,1.264,1.238,1.12,1.242,1.251,1.226,
9:29,0.332,0.243,0.145,0.148,0.238,0.122,,,1.081,0.696,0.184,0.181,0.586,0.145,,,1.344,1.336,0.309,0.313,1.338,0.237,,,1.327,1.311,0.937,0.986,1.296,0.327,,,1.297,1.281,1.162,1.281,1.289,1.281,
9:59,0.322,0.238,0.144,0.147,0.233,0.121,,,1.079,0.682,0.184,0.179,0.582,0.144,,,1.357,1.351,0.3,0.297,1.358,0.233,,,1.343,1.33,0.985,1.033,1.316,0.306,,,1.317,1.304,1.185,1.304,1.308,1.31,
10:29,0.308,0.234,0.143,0.145,0.23,0.121,,,1.077,0.664,0.18,0.177,0.57,0.142,,,1.367,1.361,0.284,0.28,1.37,0.226,,,1.358,1.343,1.011,1.052,1.329,0.274,,,1.334,1.317,1.205,1.325,1.32,1.325,
10:59,0.294,0.228,0.141,0.143,0.225,0.12,,,1.065,0.648,0.18,0.175,0.554,0.142,,,1.372,1.371,0.26,0.259,1.376,0.221,,,1.37,1.355,1.045,1.082,1.34,0.256,,,1.348,1.324,1.216,1.337,1.328,1.337,
11:29,0.277,0.223,0.14,0.142,0.219,0.119,,,1.065,0.633,0.179,0.175,0.533,0.141,,,1.377,1.376,0.242,0.243,1.378,0.212,,,1.38,1.364,1.077,1.11,1.349,0.229,,,1.356,1.332,1.225,1.347,1.335,1.348,
11:59,0.261,0.215,0.138,0.141,0.215,0.119,,,1.062,0.608,0.177,0.173,0.512,0.139,,,1.376,1.374,0.228,0.222,1.377,0.204,,,1.386,1.368,1.092,1.137,1.355,0.215,,,1.363,1.337,1.231,1.354,1.341,1.357,
12:29,0.25,0.208,0.137,0.14,0.208,0.118,,,1.058,0.588,0.175,0.171,0.491,0.138,,,1.38,1.373,0.212,0.214,1.38,0.195,,,1.39,1.372,1.102,1.152,1.359,0.199,,,1.368,1.343,1.237,1.361,1.347,1.365,
12:59,0.238,0.202,0.136,0.139,0.204,0.117,,,1.047,0.573,0.174,0.17,0.472,0.137,,,1.383,1.375,0.2,0.198,1.375,0.185,,,1.394,1.376,1.112,1.162,1.363,0.19,,,1.373,1.348,1.243,1.368,1.351,1.372,
13:29,0.232,0.197,0.136,0.138,0.199,0.117,,,1.038,0.562,0.172,0.169,0.455,0.137,,,1.386,1.376,0.19,0.189,1.382,0.175,,,1.398,1.379,1.11,1.168,1.366,0.18,,,1.375,1.351,1.249,1.371,1.353,1.379,
13:59,0.22,0.19,0.134,0.136,0.195,0.116,,,1.03,0.539,0.17,0.168,0.434,0.135,,,1.385,1.369,0.178,0.178,1.377,0.167,,,1.397,1.38,1.115,1.164,1.368,0.175,,,1.378,1.352,1.25,1.375,1.354,1.379,
14:29,0.216,0.185,0.133,0.135,0.188,0.116,,,1.007,0.531,0.168,0.166,0.407,0.135,,,1.392,1.371,0.171,0.168,1.38,0.158,,,1.401,1.382,1.119,1.169,1.371,0.167,,,1.384,1.357,1.257,1.382,1.36,1.385,
14:59,0.222,0.182,0.133,0.134,0.184,0.116,,,1.018,0.527,0.168,0.164,0.408,0.134,,,1.395,1.376,0.166,0.167,1.381,0.154,,,1.405,1.383,1.117,1.17,1.373,0.163,,,1.39,1.363,1.263,1.391,1.368,1.393,
15:29,0.229,0.178,0.132,0.135,0.181,0.115,,,1.013,0.51,0.166,0.164,0.396,0.133,,,1.393,1.374,0.161,0.159,1.381,0.15,,,1.408,1.384,1.127,1.171,1.373,0.16,,,1.394,1.366,1.266,1.395,1.373,1.399,
15:59,0.245,0.175,0.131,0.134,0.176,0.115,,,1.013,0.501,0.166,0.163,0.384,0.133,,,1.394,1.373,0.155,0.152,1.382,0.144,,,1.412,1.387,1.127,1.175,1.376,0.158,,,1.398,1.369,1.27,1.4,1.379,1.405,
16:29,0.275,0.172,0.13,0.132,0.173,0.115,,,1.004,0.493,0.165,0.163,0.376,0.133,,,1.395,1.373,0.15,0.148,1.379,0.141,,,1.416,1.389,1.129,1.173,1.378,0.156,,,1.401,1.371,1.274,1.403,1.384,1.411,
16:59,0.317,0.167,0.129,0.131,0.171,0.114,,,0.986,0.479,0.162,0.16,0.368,0.133,,,1.399,1.369,0.148,0.145,1.375,0.137,,,1.419,1.392,1.127,1.173,1.381,0.154,,,1.404,1.374,1.278,1.406,1.388,1.417,
17:29,0.369,0.163,0.129,0.131,0.168,0.114,,,0.985,0.465,0.16,0.159,0.356,0.132,,,1.398,1.369,0.145,0.142,1.376,0.135,,,1.422,1.395,1.127,1.167,1.383,0.153,,,1.406,1.376,1.28,1.409,1.391,1.422,
17:59,0.434,0.164,0.128,0.13,0.166,0.114,,,0.977,0.462,0.159,0.158,0.349,0.131,,,1.4,1.369,0.143,0.142,1.374,0.133,,,1.428,1.397,1.123,1.169,1.386,0.153,,,1.409,1.378,1.282,1.411,1.395,1.429,
18:29,0.524,0.162,0.127,0.13,0.164,0.114,,,0.974,0.45,0.156,0.156,0.34,0.13,,,1.402,1.368,0.141,0.139,1.372,0.131,,,1.43,1.399,1.128,1.166,1.388,0.153,,,1.411,1.379,1.285,1.415,1.397,1.434,
18:59,0.614,0.159,0.126,0.13,0.163,0.113,,,0.956,0.443,0.156,0.154,0.331,0.13,,,1.402,1.367,0.139,0.138,1.369,0.129,,,1.433,1.402,1.126,1.163,1.389,0.152,,,1.412,1.381,1.287,1.417,1.4,1.438,
19:29,0.674,0.157,0.126,0.128,0.161,0.113,,,0.95,0.437,0.155,0.153,0.327,0.129,,,1.405,1.369,0.139,0.137,1.376,0.128,,,1.435,1.403,1.127,1.167,1.391,0.152,,,1.414,1.381,1.288,1.417,1.401,1.441,
19:59,0.7,0.156,0.126,0.128,0.16,0.113,,,0.949,0.426,0.152,0.153,0.321,0.129,,,1.406,1.364,0.137,0.137,1.37,0.127,,,1.438,1.406,1.125,1.167,1.393,0.152,,,1.414,1.382,1.289,1.419,1.404,1.445,
20:29,0.708,0.154,0.126,0.127,0.157,0.112,,,0.929,0.42,0.152,0.15,0.316,0.128,,,1.407,1.365,0.137,0.136,1.37,0.125,,,1.441,1.408,1.124,1.166,1.394,0.153,,,1.416,1.383,1.29,1.419,1.406,1.448,
20:59,0.713,0.153,0.125,0.127,0.156,0.112,,,0.94,0.416,0.15,0.15,0.313,0.128,,,1.409,1.365,0.137,0.134,1.369,0.125,,,1.445,1.411,1.127,1.167,1.397,0.154,,,1.417,1.384,1.291,1.421,1.408,1.452,
21:29,0.71,0.151,0.124,0.126,0.155,0.112,,,0.92,0.408,0.149,0.149,0.308,0.128,,,1.407,1.363,0.135,0.134,1.368,0.124,,,1.448,1.414,1.124,1.161,1.397,0.156,,,1.418,1.384,1.291,1.422,1.409,1.452,
21:59,0.703,0.151,0.124,0.126,0.155,0.112,,,0.895,0.399,0.147,0.146,0.3,0.127,,,1.408,1.36,0.134,0.133,1.362,0.123,,,1.452,1.416,1.124,1.162,1.399,0.157,,,1.418,1.384,1.292,1.422,1.411,1.454,
22:29,0.701,0.149,0.123,0.126,0.153,0.111,,,0.892,0.394,0.146,0.146,0.293,0.127,,,1.407,1.355,0.134,0.133,1.356,0.123,,,1.455,1.419,1.118,1.154,1.4,0.159,,,1.418,1.383,1.293,1.423,1.411,1.454,
22:59,0.698,0.148,0.122,0.125,0.153,0.111,,,0.873,0.386,0.145,0.145,0.29,0.126,,,1.407,1.356,0.132,0.133,1.357,0.123,,,1.459,1.421,1.119,1.159,1.4,0.162,,,1.419,1.383,1.293,1.424,1.411,1.454,
23:29,0.687,0.147,0.122,0.124,0.152,0.111,,,0.867,0.381,0.145,0.143,0.287,0.126,,,1.409,1.358,0.136,0.132,1.352,0.122,,,1.461,1.423,1.118,1.156,1.402,0.164,,,1.418,1.383,1.292,1.423,1.411,1.454,
23:59,0.676,0.147,0.122,0.124,0.15,0.111,,,0.853,0.373,0.144,0.144,0.278,0.125,,,1.409,1.355,0.136,0.131,1.349,0.122,,,1.464,1.424,1.118,1.154,1.403,0.168,,,1.418,1.382,1.292,1.424,1.411,1.455,
,,,,,,,,,,,,,,,,,,,,,,,,,,,,,,,,,,,,,,,
,,,,,,,,,,,,,,,,,,,,,,,,,,,,,,,,,,,,,,,
"Data Present: 220825 Nor MIC at 80, 40, 20, 10 and 0 ng/mL. Because JOE7051 and JOE7052 have the same genotype, their OD600 readings are averaged per concentration and time interval.",,,,,,,,,,,,,,,,,,,,,,,,,,,,,,,,,,,,,,,
Nor conc.,80 ng/mL,80 ng/mL,80 ng/mL,80 ng/mL,80 ng/mL,80 ng/mL,,Nor conc.,40 ng/mL,40 ng/mL,40 ng/mL,40 ng/mL,40 ng/mL,40 ng/mL,,Nor conc.,20 ng/mL,20 ng/mL,20 ng/mL,20 ng/mL,20 ng/mL,20 ng/mL,,Nor conc.,10 ng/mL,10 ng/mL,10 ng/mL,10 ng/mL,10 ng/mL,10 ng/mL,,Nor conc.,0 ng/mL,0 ng/mL,0 ng/mL,0 ng/mL,0 ng/mL,0 ng/mL,
Strain ID,JOE6970,JOE6971,JOE6974,JOE6975,JOE7051,JOE7052,,Strain ID,JOE6970,JOE6971,JOE6974,JOE6975,JOE7051,JOE7052,,Strain ID,JOE6970,JOE6971,JOE6974,JOE6975,JOE7051,JOE7052,,Strain ID,JOE6970,JOE6971,JOE6974,JOE6975,JOE7051,JOE7052,,Strain ID,JOE6970,JOE6971,JOE6974,JOE6975,JOE7051,JOE7052,
E. coli sp.,BW25113,BW25113,BW25113,BW25113,BW25113,BW25113,,E. coli sp.,BW25113,BW25113,BW25113,BW25113,BW25113,BW25113,,E. coli sp.,BW25113,BW25113,BW25113,BW25113,BW25113,BW25113,,E. coli sp.,BW25113,BW25113,BW25113,BW25113,BW25113,BW25113,,E. coli sp.,BW25113,BW25113,BW25113,BW25113,BW25113,BW25113,
Mutations,wt,ΔmdtK::kan,ΔacrAB::kan,ΔacrAB,ΔacrAB ΔmdtK,ΔacrAB ΔmdtK,,Mutations,wt,ΔmdtK::kan,ΔacrAB::kan,ΔacrAB,ΔacrAB ΔmdtK,ΔacrAB ΔmdtK,,Mutations,wt,ΔmdtK::kan,ΔacrAB::kan,ΔacrAB,ΔacrAB ΔmdtK,ΔacrAB ΔmdtK,,Mutations,wt,ΔmdtK::kan,ΔacrAB::kan,ΔacrAB,ΔacrAB ΔmdtK,ΔacrAB ΔmdtK,,Mutations,wt,ΔmdtK::kan,ΔacrAB::kan,ΔacrAB,ΔacrAB ΔmdtK,ΔacrAB ΔmdtK,
Time,B4,B5,B6,B7,B8,B9,7051+7052 AVG,,C4,C5,C6,C7,C8,C9,7051+7052 AVG,,D4,D5,D6,D7,D8,D9,7051+7052 AVG,,E4,E5,E6,E7,E8,E9,7051+7052 AVG,,H4,H5,H6,H7,H8,H9,7051+7052 AVG
0:00,0.093,0.093,0.093,0.095,0.095,0.092,0.0935,,0.092,0.093,0.093,0.092,0.094,0.092,0.093,,0.096,0.093,0.092,0.092,0.095,0.094,0.0945,,0.094,0.092,0.094,0.092,0.094,0.094,0.094,,0.092,0.092,0.093,0.092,0.095,0.091,0.093
0:29,0.095,0.095,0.095,0.096,0.097,0.094,0.0955,,0.095,0.095,0.094,0.093,0.096,0.094,0.095,,0.098,0.095,0.093,0.094,0.097,0.096,0.0965,,0.096,0.094,0.096,0.094,0.096,0.096,0.096,,0.094,0.094,0.095,0.094,0.097,0.093,0.095
0:59,0.099,0.097,0.097,0.098,0.099,0.096,0.0975,,0.099,0.098,0.097,0.095,0.099,0.097,0.098,,0.102,0.099,0.096,0.096,0.101,0.099,0.1,,0.1,0.097,0.099,0.097,0.101,0.101,0.101,,0.098,0.097,0.098,0.097,0.101,0.097,0.099
1:29,0.107,0.102,0.1,0.102,0.103,0.1,0.1015,,0.107,0.105,0.102,0.1,0.105,0.102,0.1035,,0.11,0.106,0.102,0.102,0.11,0.107,0.1085,,0.109,0.104,0.105,0.102,0.11,0.109,0.1095,,0.106,0.104,0.104,0.102,0.11,0.105,0.1075
1:59,0.12,0.112,0.106,0.107,0.108,0.104,0.106,,0.123,0.118,0.111,0.108,0.115,0.111,0.113,,0.127,0.12,0.115,0.113,0.125,0.121,0.123,,0.124,0.119,0.118,0.114,0.128,0.125,0.1265,,0.122,0.117,0.116,0.113,0.126,0.119,0.1225
2:29,0.14,0.125,0.113,0.113,0.114,0.109,0.1115,,0.15,0.139,0.124,0.119,0.129,0.122,0.1255,,0.153,0.143,0.134,0.13,0.148,0.139,0.1435,,0.151,0.142,0.142,0.134,0.16,0.154,0.157,,0.146,0.138,0.136,0.13,0.151,0.141,0.146
2:59,0.166,0.141,0.121,0.12,0.121,0.115,0.118,,0.196,0.17,0.139,0.13,0.143,0.135,0.139,,0.2,0.184,0.16,0.153,0.174,0.161,0.1675,,0.196,0.182,0.18,0.169,0.21,0.198,0.204,,0.19,0.174,0.166,0.157,0.193,0.176,0.1845
3:29,0.203,0.158,0.129,0.127,0.126,0.12,0.123,,0.271,0.222,0.153,0.143,0.157,0.147,0.152,,0.276,0.252,0.195,0.184,0.206,0.185,0.1955,,0.269,0.249,0.242,0.224,0.288,0.262,0.275,,0.258,0.234,0.218,0.202,0.259,0.235,0.247
3:59,0.251,0.176,0.136,0.134,0.131,0.125,0.128,,0.383,0.297,0.167,0.154,0.17,0.158,0.164,,0.384,0.358,0.24,0.221,0.244,0.214,0.229,,0.371,0.351,0.338,0.313,0.393,0.35,0.3715,,0.357,0.329,0.304,0.279,0.357,0.324,0.3405
4:29,0.306,0.198,0.143,0.139,0.135,0.128,0.1315,,0.505,0.402,0.179,0.164,0.178,0.166,0.172,,0.496,0.488,0.292,0.269,0.285,0.246,0.2655,,0.472,0.46,0.458,0.423,0.509,0.449,0.479,,0.449,0.429,0.398,0.378,0.439,0.416,0.4275
4:59,0.349,0.225,0.149,0.143,0.141,0.131,0.136,,0.617,0.516,0.188,0.172,0.184,0.171,0.1775,,0.589,0.614,0.332,0.298,0.332,0.28,0.306,,0.569,0.563,0.556,0.532,0.59,0.527,0.5585,,0.546,0.532,0.484,0.466,0.553,0.524,0.5385
5:29,0.375,0.246,0.153,0.147,0.139,0.132,0.1355,,0.707,0.616,0.195,0.177,0.186,0.174,0.18,,0.713,0.724,0.349,0.312,0.364,0.308,0.336,,0.694,0.678,0.628,0.615,0.658,0.585,0.6215,,0.664,0.643,0.587,0.573,0.676,0.591,0.6335
5:59,0.39,0.257,0.157,0.15,0.139,0.132,0.1355,,0.817,0.69,0.2,0.182,0.186,0.176,0.181,,0.83,0.869,0.356,0.315,0.386,0.329,0.3575,,0.793,0.802,0.734,0.693,0.731,0.631,0.681,,0.758,0.759,0.71,0.698,0.772,0.737,0.7545
6:29,0.403,0.265,0.158,0.15,0.138,0.131,0.1345,,0.905,0.78,0.202,0.182,0.186,0.175,0.1805,,0.929,0.988,0.357,0.322,0.387,0.344,0.3655,,0.884,0.901,0.82,0.789,0.801,0.674,0.7375,,0.846,0.851,0.789,0.784,0.859,0.828,0.8435
6:59,0.409,0.272,0.158,0.151,0.136,0.13,0.133,,0.98,0.846,0.204,0.183,0.185,0.174,0.1795,,1.009,1.087,0.359,0.312,0.391,0.348,0.3695,,0.954,0.986,0.88,0.864,0.866,0.706,0.786,,0.91,0.929,0.838,0.845,0.91,0.904,0.907
7:29,0.411,0.277,0.157,0.151,0.135,0.129,0.132,,1.03,0.891,0.202,0.181,0.183,0.173,0.178,,1.089,1.16,0.359,0.306,0.394,0.353,0.3735,,1.035,1.06,0.943,0.93,0.928,0.729,0.8285,,0.983,0.991,0.917,0.901,1.004,0.964,0.984
7:59,0.417,0.28,0.157,0.149,0.133,0.127,0.13,,1.069,0.921,0.199,0.179,0.18,0.171,0.1755,,1.161,1.231,0.35,0.299,0.395,0.349,0.372,,1.111,1.142,1.004,0.994,0.988,0.746,0.867,,1.061,1.073,0.993,0.992,1.102,1.067,1.0845
8:29,0.408,0.281,0.154,0.148,0.132,0.126,0.129,,1.094,0.939,0.198,0.177,0.18,0.169,0.1745,,1.21,1.29,0.339,0.293,0.388,0.349,0.3685,,1.168,1.207,1.066,1.056,1.023,0.766,0.8945,,1.127,1.145,1.072,1.063,1.171,1.143,1.157
8:59,0.403,0.28,0.154,0.148,0.13,0.124,0.127,,1.117,0.958,0.193,0.173,0.177,0.168,0.1725,,1.238,1.323,0.321,0.297,0.383,0.343,0.363,,1.199,1.251,1.117,1.115,1.076,0.786,0.931,,1.161,1.204,1.114,1.135,1.235,1.213,1.224
9:29,0.395,0.277,0.153,0.146,0.129,0.124,0.1265,,1.125,0.964,0.19,0.171,0.176,0.166,0.171,,1.26,1.344,0.309,0.285,0.373,0.337,0.355,,1.219,1.276,1.15,1.157,1.106,0.794,0.95,,1.182,1.23,1.136,1.163,1.263,1.242,1.2525
9:59,0.385,0.273,0.152,0.145,0.128,0.123,0.1255,,1.136,0.962,0.186,0.169,0.175,0.165,0.17,,1.275,1.356,0.294,0.282,0.357,0.332,0.3445,,1.233,1.293,1.171,1.18,1.138,0.8,0.969,,1.196,1.249,1.153,1.181,1.277,1.26,1.2685
10:29,0.367,0.269,0.151,0.145,0.127,0.122,0.1245,,1.133,0.964,0.184,0.176,0.174,0.163,0.1685,,1.287,1.366,0.272,0.247,0.34,0.323,0.3315,,1.246,1.305,1.186,1.198,1.158,0.805,0.9815,,1.211,1.261,1.173,1.199,1.283,1.267,1.275
10:59,0.348,0.263,0.148,0.145,0.127,0.121,0.124,,1.133,0.947,0.18,0.162,0.172,0.163,0.1675,,1.294,1.367,0.243,0.227,0.322,0.308,0.315,,1.258,1.317,1.198,1.211,1.173,0.815,0.994,,1.224,1.267,1.181,1.205,1.286,1.271,1.2785
11:29,0.329,0.254,0.146,0.143,0.126,0.121,0.1235,,1.126,0.94,0.176,0.157,0.171,0.163,0.167,,1.301,1.372,0.226,0.207,0.304,0.291,0.2975,,1.268,1.323,1.207,1.221,1.187,0.831,1.009,,1.231,1.271,1.184,1.208,1.289,1.274,1.2815
11:59,0.311,0.248,0.145,0.142,0.125,0.12,0.1225,,1.125,0.938,0.174,0.158,0.171,0.162,0.1665,,1.309,1.374,0.21,0.187,0.289,0.279,0.284,,1.273,1.329,1.215,1.23,1.194,0.828,1.011,,1.235,1.274,1.186,1.21,1.291,1.275,1.283
12:29,0.297,0.237,0.144,0.14,0.124,0.119,0.1215,,1.116,0.926,0.17,0.156,0.17,0.161,0.1655,,1.314,1.377,0.198,0.176,0.268,0.265,0.2665,,1.278,1.333,1.222,1.238,1.198,0.836,1.017,,1.239,1.276,1.188,1.21,1.291,1.277,1.284
12:59,0.279,0.232,0.143,0.14,0.124,0.119,0.1215,,1.114,0.914,0.166,0.152,0.17,0.16,0.165,,1.32,1.379,0.181,0.167,0.253,0.252,0.2525,,1.282,1.337,1.231,1.244,1.2,0.845,1.0225,,1.238,1.275,1.188,1.208,1.292,1.277,1.2845
13:29,0.267,0.229,0.142,0.138,0.123,0.118,0.1205,,1.106,0.899,0.164,0.151,0.169,0.16,0.1645,,1.325,1.379,0.171,0.16,0.235,0.237,0.236,,1.284,1.341,1.236,1.249,1.196,0.851,1.0235,,1.237,1.273,1.185,1.21,1.291,1.277,1.284
13:59,0.255,0.227,0.141,0.137,0.122,0.118,0.12,,1.103,0.889,0.162,0.148,0.168,0.16,0.164,,1.331,1.379,0.165,0.152,0.225,0.221,0.223,,1.284,1.344,1.242,1.255,1.201,0.859,1.03,,1.237,1.272,1.181,1.205,1.286,1.274,1.28
14:29,0.248,0.228,0.14,0.137,0.122,0.117,0.1195,,1.095,0.88,0.159,0.147,0.167,0.159,0.163,,1.336,1.383,0.159,0.148,0.214,0.21,0.212,,1.287,1.343,1.247,1.26,1.197,0.863,1.03,,1.24,1.273,1.181,1.203,1.285,1.272,1.2785
14:59,0.238,0.237,0.139,0.136,0.121,0.117,0.119,,1.088,0.878,0.156,0.145,0.166,0.158,0.162,,1.337,1.383,0.154,0.144,0.205,0.201,0.203,,1.291,1.346,1.25,1.264,1.2,0.871,1.0355,,1.243,1.274,1.182,1.203,1.285,1.272,1.2785
15:29,0.231,0.248,0.138,0.135,0.121,0.116,0.1185,,1.095,0.88,0.154,0.149,0.166,0.157,0.1615,,1.341,1.384,0.152,0.141,0.196,0.193,0.1945,,1.294,1.351,1.254,1.266,1.199,0.885,1.042,,1.244,1.275,1.183,1.203,1.285,1.273,1.279
15:59,0.223,0.272,0.137,0.135,0.12,0.116,0.118,,1.079,0.844,0.153,0.141,0.165,0.158,0.1615,,1.346,1.384,0.149,0.14,0.187,0.186,0.1865,,1.299,1.355,1.258,1.268,1.199,0.9,1.0495,,1.245,1.277,1.183,1.204,1.286,1.274,1.28
16:29,0.218,0.301,0.137,0.134,0.12,0.115,0.1175,,1.089,0.848,0.15,0.141,0.165,0.157,0.161,,1.349,1.384,0.148,0.137,0.181,0.18,0.1805,,1.304,1.359,1.26,1.27,1.195,0.914,1.0545,,1.245,1.277,1.183,1.204,1.286,1.274,1.28
16:59,0.211,0.337,0.136,0.132,0.119,0.115,0.117,,1.079,0.82,0.148,0.139,0.165,0.156,0.1605,,1.353,1.384,0.147,0.136,0.177,0.175,0.176,,1.308,1.365,1.265,1.275,1.195,0.928,1.0615,,1.246,1.277,1.184,1.204,1.286,1.274,1.28
17:29,0.208,0.365,0.136,0.132,0.12,0.115,0.1175,,1.072,0.818,0.146,0.138,0.164,0.156,0.16,,1.355,1.386,0.146,0.136,0.173,0.169,0.171,,1.313,1.371,1.268,1.28,1.194,0.937,1.0655,,1.247,1.278,1.184,1.204,1.288,1.275,1.2815
17:59,0.204,0.389,0.134,0.132,0.118,0.114,0.116,,1.071,0.811,0.144,0.137,0.163,0.154,0.1585,,1.358,1.387,0.145,0.135,0.17,0.165,0.1675,,1.319,1.375,1.27,1.28,1.192,0.947,1.0695,,1.248,1.278,1.183,1.205,1.288,1.276,1.282
18:29,0.197,0.411,0.134,0.131,0.118,0.114,0.116,,1.064,0.825,0.142,0.135,0.161,0.154,0.1575,,1.363,1.387,0.145,0.136,0.167,0.163,0.165,,1.324,1.378,1.274,1.283,1.19,0.951,1.0705,,1.248,1.278,1.184,1.204,1.288,1.276,1.282
18:59,0.194,0.441,0.133,0.131,0.118,0.113,0.1155,,1.059,0.806,0.141,0.133,0.161,0.154,0.1575,,1.366,1.388,0.144,0.134,0.171,0.16,0.1655,,1.329,1.382,1.278,1.285,1.188,0.962,1.075,,1.248,1.279,1.184,1.205,1.287,1.276,1.2815
19:29,0.191,0.46,0.133,0.13,0.118,0.113,0.1155,,1.047,0.781,0.14,0.132,0.161,0.153,0.157,,1.37,1.39,0.143,0.135,0.165,0.159,0.162,,1.333,1.384,1.279,1.287,1.186,0.964,1.075,,1.248,1.278,1.184,1.203,1.287,1.276,1.2815
19:59,0.187,0.474,0.132,0.129,0.117,0.113,0.115,,1.05,0.802,0.138,0.132,0.159,0.152,0.1555,,1.372,1.39,0.142,0.135,0.162,0.155,0.1585,,1.337,1.386,1.281,1.29,1.184,0.973,1.0785,,1.247,1.278,1.183,1.204,1.286,1.276,1.281
20:29,0.183,0.485,0.131,0.128,0.117,0.113,0.115,,1.037,0.765,0.138,0.13,0.16,0.152,0.156,,1.375,1.392,0.142,0.136,0.16,0.156,0.158,,1.346,1.388,1.284,1.292,1.184,0.98,1.082,,1.247,1.278,1.182,1.201,1.286,1.275,1.2805
20:59,0.182,0.496,0.131,0.129,0.116,0.112,0.114,,1.05,0.74,0.138,0.13,0.159,0.151,0.155,,1.378,1.393,0.141,0.135,0.159,0.154,0.1565,,1.349,1.389,1.284,1.292,1.18,0.98,1.08,,1.247,1.277,1.181,1.202,1.286,1.275,1.2805
21:29,0.178,0.505,0.131,0.128,0.116,0.112,0.114,,1.037,0.752,0.136,0.128,0.158,0.151,0.1545,,1.386,1.396,0.141,0.136,0.159,0.152,0.1555,,1.351,1.391,1.285,1.294,1.177,0.983,1.08,,1.246,1.276,1.181,1.202,1.284,1.276,1.28
21:59,0.176,0.513,0.129,0.128,0.116,0.112,0.114,,1.01,0.749,0.136,0.128,0.157,0.15,0.1535,,1.388,1.396,0.141,0.138,0.158,0.152,0.155,,1.353,1.392,1.287,1.296,1.176,0.985,1.0805,,1.245,1.276,1.18,1.201,1.283,1.274,1.2785
22:29,0.175,0.52,0.13,0.127,0.117,0.112,0.1145,,1.026,0.737,0.136,0.127,0.157,0.15,0.1535,,1.391,1.397,0.141,0.14,0.156,0.15,0.153,,1.355,1.391,1.291,1.298,1.174,0.987,1.0805,,1.245,1.276,1.179,1.199,1.284,1.275,1.2795
22:59,0.173,0.533,0.128,0.127,0.116,0.111,0.1135,,1.027,0.717,0.134,0.145,0.157,0.149,0.153,,1.393,1.397,0.14,0.141,0.155,0.15,0.1525,,1.357,1.392,1.29,1.298,1.171,0.99,1.0805,,1.243,1.274,1.178,1.197,1.283,1.273,1.278
23:29,0.172,0.539,0.128,0.127,0.115,0.111,0.113,,1.011,0.707,0.135,0.126,0.155,0.149,0.152,,1.403,1.396,0.14,0.144,0.154,0.148,0.151,,1.358,1.391,1.291,1.299,1.172,0.991,1.0815,,1.242,1.273,1.176,1.197,1.282,1.273,1.2775
23:59,0.171,0.549,0.127,0.126,0.115,0.111,0.113,,1.005,0.699,0.134,0.126,0.154,0.148,0.151,,1.403,1.398,0.14,0.147,0.155,0.148,0.1515,,1.359,1.392,1.29,1.3,1.167,0.993,1.08,,1.241,1.272,1.176,1.196,1.28,1.272,1.276
,,,,,,,,,,,,,,,,,,,,,,,,,,,,,,,,,,,,,,,
,,,,,,,,,,,,,,,,,,,,,,,,,,,,,,,,,,,,,,,
"Data Present: 220901 Nor MIC at 80, 40, 20, 10 and 0 ng/mL. Because JOE7051 and JOE7052 have the same genotype, their OD600 readings are averaged per concentration and time interval.",,,,,,,,,,,,,,,,,,,,,,,,,,,,,,,,,,,,,,,
Nor conc.,80 ng/mL,80 ng/mL,80 ng/mL,80 ng/mL,80 ng/mL,80 ng/mL,,Nor conc.,40 ng/mL,40 ng/mL,40 ng/mL,40 ng/mL,40 ng/mL,40 ng/mL,,Nor conc.,20 ng/mL,20 ng/mL,20 ng/mL,20 ng/mL,20 ng/mL,20 ng/mL,,Nor conc.,10 ng/mL,10 ng/mL,10 ng/mL,10 ng/mL,10 ng/mL,10 ng/mL,,Nor conc.,0 ng/mL,0 ng/mL,0 ng/mL,0 ng/mL,0 ng/mL,0 ng/mL,
Strain ID,JOE6970,JOE6971,JOE6974,JOE6975,JOE7051,JOE7052,,Strain ID,JOE6970,JOE6971,JOE6974,JOE6975,JOE7051,JOE7052,,Strain ID,JOE6970,JOE6971,JOE6974,JOE6975,JOE7051,JOE7052,,Strain ID,JOE6970,JOE6971,JOE6974,JOE6975,JOE7051,JOE7052,,Strain ID,JOE6970,JOE6971,JOE6974,JOE6975,JOE7051,JOE7052,
E. coli sp.,BW25113,BW25113,BW25113,BW25113,BW25113,BW25113,,E. coli sp.,BW25113,BW25113,BW25113,BW25113,BW25113,BW25113,,E. coli sp.,BW25113,BW25113,BW25113,BW25113,BW25113,BW25113,,E. coli sp.,BW25113,BW25113,BW25113,BW25113,BW25113,BW25113,,E. coli sp.,BW25113,BW25113,BW25113,BW25113,BW25113,BW25113,
Mutations,wt,ΔmdtK::kan,ΔacrAB::kan,ΔacrAB,ΔacrAB ΔmdtK,ΔacrAB ΔmdtK,,Mutations,wt,ΔmdtK::kan,ΔacrAB::kan,ΔacrAB,ΔacrAB ΔmdtK,ΔacrAB ΔmdtK,,Mutations,wt,ΔmdtK::kan,ΔacrAB::kan,ΔacrAB,ΔacrAB ΔmdtK,ΔacrAB ΔmdtK,,Mutations,wt,ΔmdtK::kan,ΔacrAB::kan,ΔacrAB,ΔacrAB ΔmdtK,ΔacrAB ΔmdtK,,Mutations,wt,ΔmdtK::kan,ΔacrAB::kan,ΔacrAB,ΔacrAB ΔmdtK,ΔacrAB ΔmdtK,
Time,A4,A5,A6,A7,A8,A9,7051+7052 AVG,,B4,B5,B6,B7,B8,B9,7051+7052 AVG,,C4,C5,C6,C7,C8,C9,7051+7052 AVG,,D4,D5,D6,D7,D8,D9,7051+7052 AVG,,H4,H5,H6,H7,H8,H9,7051+7052 AVG
0:00,0.094,0.094,0.095,0.095,0.094,0.094,0.094,,0.093,0.093,0.093,0.093,0.094,0.094,0.094,,0.096,0.092,0.093,0.094,0.094,0.094,0.094,,0.095,0.095,0.092,0.093,0.094,0.096,0.095,,0.091,0.095,0.094,0.097,0.098,0.097,0.0975
0:29,0.096,0.097,0.096,0.097,0.096,0.096,0.096,,0.095,0.095,0.095,0.095,0.096,0.096,0.096,,0.098,0.095,0.095,0.096,0.096,0.096,0.096,,0.097,0.097,0.094,0.095,0.096,0.099,0.0975,,0.093,0.097,0.096,0.099,0.101,0.099,0.1
0:59,0.1,0.101,0.099,0.1,0.098,0.099,0.0985,,0.1,0.101,0.099,0.099,0.1,0.1,0.1,,0.103,0.1,0.099,0.1,0.1,0.101,0.1005,,0.102,0.103,0.099,0.099,0.101,0.105,0.103,,0.098,0.102,0.1,0.103,0.105,0.105,0.105
1:29,0.108,0.109,0.103,0.104,0.101,0.102,0.1015,,0.109,0.111,0.106,0.105,0.105,0.107,0.106,,0.112,0.112,0.107,0.109,0.108,0.111,0.1095,,0.111,0.114,0.108,0.108,0.111,0.116,0.1135,,0.107,0.112,0.109,0.111,0.114,0.116,0.115
1:59,0.122,0.123,0.109,0.11,0.105,0.107,0.106,,0.128,0.131,0.117,0.116,0.114,0.116,0.115,,0.13,0.133,0.122,0.122,0.123,0.127,0.125,,0.129,0.134,0.126,0.124,0.131,0.137,0.134,,0.122,0.131,0.125,0.126,0.131,0.135,0.133
2:29,0.144,0.14,0.117,0.117,0.11,0.113,0.1115,,0.159,0.161,0.132,0.13,0.125,0.129,0.127,,0.159,0.169,0.144,0.142,0.141,0.148,0.1445,,0.158,0.167,0.159,0.154,0.164,0.173,0.1685,,0.149,0.162,0.15,0.149,0.158,0.166,0.162
2:59,0.169,0.159,0.125,0.126,0.115,0.119,0.117,,0.211,0.208,0.148,0.145,0.136,0.143,0.1395,,0.211,0.229,0.173,0.17,0.162,0.172,0.167,,0.207,0.223,0.212,0.202,0.214,0.228,0.221,,0.194,0.213,0.191,0.188,0.201,0.214,0.2075
3:29,0.205,0.179,0.134,0.134,0.119,0.124,0.1215,,0.295,0.278,0.165,0.159,0.147,0.153,0.15,,0.296,0.323,0.212,0.206,0.185,0.197,0.191,,0.289,0.31,0.297,0.279,0.286,0.303,0.2945,,0.267,0.296,0.261,0.251,0.271,0.293,0.282
3:59,0.256,0.202,0.141,0.141,0.123,0.128,0.1255,,0.418,0.376,0.178,0.173,0.156,0.164,0.16,,0.412,0.457,0.262,0.251,0.211,0.224,0.2175,,0.402,0.433,0.41,0.385,0.373,0.395,0.384,,0.371,0.408,0.357,0.348,0.371,0.399,0.385
4:29,0.299,0.229,0.148,0.147,0.126,0.132,0.129,,0.554,0.49,0.19,0.182,0.163,0.172,0.1675,,0.528,0.584,0.308,0.297,0.238,0.254,0.246,,0.507,0.537,0.519,0.492,0.453,0.479,0.466,,0.468,0.506,0.448,0.436,0.455,0.487,0.471
4:59,0.333,0.254,0.153,0.153,0.128,0.134,0.131,,0.67,0.588,0.2,0.191,0.168,0.177,0.1725,,0.628,0.684,0.339,0.329,0.267,0.282,0.2745,,0.612,0.638,0.594,0.568,0.508,0.538,0.523,,0.572,0.605,0.54,0.527,0.559,0.601,0.58
5:29,0.352,0.269,0.158,0.157,0.129,0.135,0.132,,0.76,0.668,0.205,0.199,0.172,0.181,0.1765,,0.775,0.844,0.353,0.339,0.292,0.306,0.299,,0.749,0.773,0.654,0.628,0.541,0.574,0.5575,,0.701,0.732,0.666,0.634,0.678,0.732,0.705
5:59,0.368,0.281,0.161,0.16,0.128,0.134,0.131,,0.871,0.755,0.209,0.201,0.173,0.18,0.1765,,0.892,0.97,0.355,0.343,0.308,0.327,0.3175,,0.854,0.879,0.735,0.703,0.565,0.605,0.585,,0.796,0.83,0.748,0.74,0.789,0.833,0.811
6:29,0.372,0.291,0.162,0.161,0.127,0.134,0.1305,,0.961,0.824,0.211,0.203,0.173,0.179,0.176,,0.997,1.074,0.361,0.343,0.316,0.339,0.3275,,0.947,0.968,0.804,0.764,0.579,0.621,0.6,,0.884,0.914,0.793,0.781,0.848,0.888,0.868
6:59,0.376,0.295,0.161,0.161,0.126,0.131,0.1285,,1.024,0.874,0.212,0.203,0.17,0.177,0.1735,,1.077,1.154,0.364,0.349,0.321,0.35,0.3355,,1.017,1.04,0.858,0.821,0.59,0.631,0.6105,,0.949,0.975,0.876,0.868,0.949,0.98,0.9645
7:29,0.376,0.297,0.161,0.16,0.125,0.13,0.1275,,1.073,0.903,0.208,0.203,0.167,0.173,0.17,,1.163,1.228,0.359,0.346,0.324,0.352,0.338,,1.106,1.127,0.914,0.873,0.59,0.64,0.615,,1.029,1.05,0.965,0.955,1.057,1.087,1.072
7:59,0.377,0.299,0.158,0.157,0.124,0.128,0.126,,1.107,0.923,0.206,0.201,0.165,0.172,0.1685,,1.231,1.293,0.357,0.339,0.325,0.35,0.3375,,1.182,1.203,0.972,0.931,0.587,0.643,0.615,,1.112,1.133,1.06,1.039,1.147,1.175,1.161
8:29,0.372,0.294,0.157,0.156,0.123,0.128,0.1255,,1.131,0.935,0.202,0.197,0.163,0.169,0.166,,1.271,1.333,0.346,0.328,0.321,0.348,0.3345,,1.231,1.256,1.033,0.991,0.585,0.639,0.612,,1.181,1.207,1.115,1.112,1.221,1.244,1.2325
8:59,0.366,0.287,0.156,0.155,0.122,0.126,0.124,,1.143,0.932,0.198,0.194,0.162,0.168,0.165,,1.294,1.352,0.339,0.323,0.317,0.345,0.331,,1.262,1.284,1.087,1.044,0.575,0.632,0.6035,,1.213,1.239,1.135,1.135,1.246,1.27,1.258
9:29,0.353,0.283,0.155,0.154,0.121,0.125,0.123,,1.148,0.928,0.194,0.191,0.16,0.166,0.163,,1.314,1.369,0.322,0.299,0.308,0.338,0.323,,1.282,1.302,1.134,1.091,0.56,0.621,0.5905,,1.231,1.254,1.15,1.151,1.265,1.29,1.2775
9:59,0.342,0.278,0.152,0.153,0.121,0.124,0.1225,,1.138,0.926,0.188,0.189,0.159,0.163,0.161,,1.327,1.38,0.298,0.286,0.301,0.325,0.313,,1.296,1.315,1.158,1.134,0.533,0.608,0.5705,,1.244,1.268,1.163,1.166,1.272,1.299,1.2855
10:29,0.322,0.27,0.153,0.151,0.12,0.123,0.1215,,1.142,0.918,0.184,0.185,0.158,0.161,0.1595,,1.335,1.387,0.28,0.271,0.294,0.315,0.3045,,1.309,1.327,1.175,1.157,0.521,0.605,0.563,,1.258,1.273,1.173,1.175,1.276,1.303,1.2895
10:59,0.308,0.264,0.151,0.15,0.119,0.122,0.1205,,1.142,0.91,0.18,0.183,0.156,0.16,0.158,,1.342,1.391,0.264,0.26,0.282,0.309,0.2955,,1.32,1.337,1.19,1.169,0.509,0.591,0.55,,1.265,1.275,1.175,1.182,1.279,1.305,1.292
11:29,0.289,0.255,0.149,0.149,0.119,0.121,0.12,,1.133,0.888,0.175,0.179,0.156,0.159,0.1575,,1.347,1.393,0.247,0.244,0.27,0.295,0.2825,,1.331,1.345,1.198,1.179,0.506,0.598,0.552,,1.267,1.275,1.177,1.18,1.28,1.307,1.2935
11:59,0.272,0.248,0.147,0.148,0.118,0.121,0.1195,,1.124,0.888,0.172,0.177,0.155,0.158,0.1565,,1.35,1.394,0.228,0.224,0.259,0.287,0.273,,1.339,1.349,1.206,1.188,0.502,0.591,0.5465,,1.268,1.276,1.178,1.183,1.28,1.309,1.2945
12:29,0.259,0.24,0.147,0.146,0.118,0.12,0.119,,1.118,0.875,0.169,0.173,0.155,0.157,0.156,,1.356,1.398,0.214,0.214,0.248,0.275,0.2615,,1.343,1.351,1.213,1.193,0.496,0.602,0.549,,1.268,1.275,1.178,1.182,1.281,1.309,1.295
12:59,0.241,0.231,0.145,0.144,0.117,0.119,0.118,,1.106,0.859,0.164,0.173,0.153,0.156,0.1545,,1.359,1.399,0.201,0.201,0.238,0.264,0.251,,1.345,1.352,1.219,1.199,0.494,0.597,0.5455,,1.266,1.274,1.178,1.184,1.281,1.308,1.2945
13:29,0.228,0.224,0.144,0.144,0.116,0.119,0.1175,,1.105,0.85,0.161,0.171,0.151,0.155,0.153,,1.364,1.4,0.189,0.188,0.227,0.251,0.239,,1.344,1.352,1.221,1.2,0.489,0.596,0.5425,,1.262,1.269,1.175,1.183,1.279,1.307,1.293
13:59,0.222,0.218,0.142,0.142,0.116,0.118,0.117,,1.099,0.843,0.157,0.169,0.152,0.155,0.1535,,1.368,1.4,0.178,0.18,0.216,0.239,0.2275,,1.343,1.349,1.224,1.202,0.49,0.606,0.548,,1.26,1.267,1.172,1.178,1.274,1.302,1.288
14:29,0.212,0.214,0.141,0.142,0.115,0.117,0.116,,1.093,0.833,0.154,0.168,0.151,0.153,0.152,,1.37,1.401,0.168,0.172,0.207,0.228,0.2175,,1.345,1.347,1.228,1.205,0.488,0.597,0.5425,,1.259,1.266,1.169,1.177,1.271,1.3,1.2855
14:59,0.205,0.21,0.14,0.141,0.115,0.117,0.116,,1.081,0.828,0.152,0.165,0.15,0.153,0.1515,,1.371,1.399,0.16,0.164,0.197,0.217,0.207,,1.347,1.347,1.227,1.207,0.487,0.602,0.5445,,1.259,1.265,1.171,1.177,1.27,1.299,1.2845
15:29,0.196,0.212,0.139,0.14,0.114,0.117,0.1155,,1.084,0.814,0.148,0.161,0.149,0.153,0.151,,1.372,1.4,0.155,0.156,0.19,0.208,0.199,,1.349,1.347,1.225,1.206,0.488,0.604,0.546,,1.259,1.266,1.171,1.184,1.269,1.299,1.284
15:59,0.189,0.217,0.139,0.139,0.114,0.116,0.115,,1.075,0.81,0.146,0.16,0.148,0.152,0.15,,1.372,1.396,0.151,0.154,0.183,0.2,0.1915,,1.35,1.347,1.224,1.203,0.479,0.614,0.5465,,1.258,1.264,1.17,1.177,1.269,1.299,1.284
16:29,0.187,0.228,0.138,0.138,0.114,0.116,0.115,,1.073,0.8,0.144,0.158,0.148,0.151,0.1495,,1.374,1.397,0.148,0.146,0.177,0.191,0.184,,1.353,1.347,1.224,1.204,0.48,0.612,0.546,,1.257,1.264,1.171,1.177,1.269,1.298,1.2835
16:59,0.182,0.25,0.137,0.137,0.114,0.116,0.115,,1.068,0.798,0.142,0.155,0.148,0.149,0.1485,,1.375,1.396,0.146,0.143,0.172,0.185,0.1785,,1.355,1.347,1.223,1.203,0.478,0.609,0.5435,,1.256,1.262,1.171,1.177,1.267,1.297,1.282
17:29,0.179,0.288,0.136,0.137,0.113,0.115,0.114,,1.059,0.787,0.141,0.153,0.146,0.15,0.148,,1.376,1.396,0.144,0.141,0.166,0.178,0.172,,1.356,1.347,1.218,1.2,0.47,0.608,0.539,,1.256,1.262,1.171,1.177,1.266,1.297,1.2815
17:59,0.174,0.346,0.135,0.136,0.112,0.115,0.1135,,1.043,0.78,0.14,0.15,0.146,0.15,0.148,,1.377,1.396,0.142,0.138,0.162,0.173,0.1675,,1.357,1.346,1.218,1.198,0.473,0.611,0.542,,1.254,1.261,1.172,1.176,1.265,1.295,1.28
18:29,0.172,0.39,0.135,0.136,0.112,0.114,0.113,,1.037,0.766,0.139,0.148,0.145,0.148,0.1465,,1.377,1.396,0.141,0.147,0.158,0.168,0.163,,1.357,1.346,1.218,1.197,0.471,0.612,0.5415,,1.253,1.259,1.17,1.175,1.264,1.294,1.279
18:59,0.17,0.448,0.133,0.134,0.112,0.114,0.113,,1.034,0.763,0.138,0.147,0.146,0.148,0.147,,1.377,1.392,0.14,0.135,0.155,0.164,0.1595,,1.358,1.345,1.217,1.194,0.471,0.62,0.5455,,1.252,1.258,1.169,1.174,1.262,1.292,1.277
19:29,0.168,0.506,0.134,0.133,0.111,0.114,0.1125,,1.027,0.754,0.136,0.146,0.145,0.146,0.1455,,1.377,1.392,0.14,0.135,0.151,0.162,0.1565,,1.359,1.343,1.215,1.193,0.472,0.627,0.5495,,1.25,1.256,1.169,1.173,1.262,1.291,1.2765
19:59,0.165,0.554,0.132,0.133,0.111,0.113,0.112,,1.018,0.737,0.135,0.143,0.143,0.147,0.145,,1.377,1.392,0.139,0.134,0.149,0.158,0.1535,,1.36,1.343,1.212,1.188,0.469,0.633,0.551,,1.248,1.254,1.168,1.176,1.26,1.29,1.275
20:29,0.162,0.584,0.132,0.132,0.111,0.113,0.112,,1.008,0.734,0.133,0.142,0.144,0.146,0.145,,1.379,1.389,0.138,0.134,0.147,0.156,0.1515,,1.36,1.341,1.212,1.188,0.467,0.64,0.5535,,1.248,1.252,1.164,1.173,1.258,1.288,1.273
20:59,0.161,0.58,0.131,0.131,0.111,0.113,0.112,,0.999,0.722,0.132,0.14,0.143,0.147,0.145,,1.379,1.388,0.138,0.133,0.145,0.154,0.1495,,1.359,1.341,1.208,1.184,0.47,0.647,0.5585,,1.248,1.25,1.165,1.171,1.257,1.287,1.272
21:29,0.16,0.579,0.13,0.131,0.11,0.112,0.111,,0.991,0.715,0.132,0.139,0.142,0.144,0.143,,1.378,1.385,0.137,0.143,0.143,0.152,0.1475,,1.359,1.339,1.207,1.18,0.467,0.657,0.562,,1.246,1.248,1.161,1.171,1.255,1.284,1.2695
21:59,0.158,0.58,0.13,0.131,0.11,0.112,0.111,,0.987,0.705,0.131,0.139,0.142,0.144,0.143,,1.378,1.386,0.136,0.133,0.141,0.15,0.1455,,1.358,1.337,1.204,1.18,0.473,0.664,0.5685,,1.245,1.246,1.163,1.169,1.253,1.283,1.268
22:29,0.157,0.574,0.129,0.13,0.11,0.112,0.111,,0.982,0.694,0.131,0.137,0.143,0.144,0.1435,,1.376,1.381,0.136,0.132,0.141,0.148,0.1445,,1.357,1.336,1.202,1.178,0.477,0.676,0.5765,,1.242,1.245,1.165,1.168,1.251,1.281,1.266
22:59,0.156,0.571,0.129,0.129,0.11,0.111,0.1105,,0.967,0.682,0.129,0.136,0.141,0.144,0.1425,,1.377,1.381,0.136,0.132,0.14,0.146,0.143,,1.357,1.334,1.197,1.174,0.478,0.685,0.5815,,1.242,1.242,1.167,1.171,1.249,1.279,1.264
23:29,0.155,0.574,0.127,0.128,0.11,0.111,0.1105,,0.954,0.673,0.129,0.135,0.141,0.143,0.142,,1.375,1.379,0.136,0.132,0.139,0.145,0.142,,1.356,1.332,1.192,1.174,0.484,0.695,0.5895,,1.24,1.24,1.165,1.173,1.247,1.277,1.262
23:59,0.154,0.568,0.127,0.129,0.109,0.111,0.11,,0.95,0.663,0.128,0.134,0.141,0.142,0.1415,,1.373,1.373,0.135,0.131,0.139,0.145,0.142,,1.355,1.331,1.189,1.172,0.49,0.706,0.598,,1.24,1.238,1.167,1.175,1.245,1.275,1.26
,,,,,,,,,,,,,,,,,,,,,,,,,,,,,,,,,,,,,,,
"Data Present: 220906 Nor MIC at 80, 40, 20, 10 and 0 ng/mL. Because JOE7051 and JOE7052 have the same genotype, their OD600 readings are averaged per concentration and time interval.",,,,,,,,,,,,,,,,,,,,,,,,,,,,,,,,,,,,,,,
"Additionally, abnormal growth has led to the removal of JOE6975 at the 40 ng/mL from usage in calculations.",,,,,,,,,,,,,,,,,,,,,,,,,,,,,,,,,,,,,,,
Nor conc.,80 ng/mL,80 ng/mL,80 ng/mL,80 ng/mL,80 ng/mL,80 ng/mL,,Nor conc.,40 ng/mL,40 ng/mL,40 ng/mL,40 ng/mL,40 ng/mL,40 ng/mL,,Nor conc.,20 ng/mL,20 ng/mL,20 ng/mL,20 ng/mL,20 ng/mL,20 ng/mL,,Nor conc.,10 ng/mL,10 ng/mL,10 ng/mL,10 ng/mL,10 ng/mL,10 ng/mL,,Nor conc.,0 ng/mL,0 ng/mL,0 ng/mL,0 ng/mL,0 ng/mL,0 ng/mL,
Strain ID,JOE6970,JOE6971,JOE6974,JOE6975,JOE7051,JOE7052,,Strain ID,JOE6970,JOE6971,JOE6974,JOE6975,JOE7051,JOE7052,,Strain ID,JOE6970,JOE6971,JOE6974,JOE6975,JOE7051,JOE7052,,Strain ID,JOE6970,JOE6971,JOE6974,JOE6975,JOE7051,JOE7052,,Strain ID,JOE6970,JOE6971,JOE6974,JOE6975,JOE7051,JOE7052,
E. coli sp.,BW25113,BW25113,BW25113,BW25113,BW25113,BW25113,,E. coli sp.,BW25113,BW25113,BW25113,BW25113,BW25113,BW25113,,E. coli sp.,BW25113,BW25113,BW25113,BW25113,BW25113,BW25113,,E. coli sp.,BW25113,BW25113,BW25113,BW25113,BW25113,BW25113,,E. coli sp.,BW25113,BW25113,BW25113,BW25113,BW25113,BW25113,
Mutations,wt,ΔmdtK::kan,ΔacrAB::kan,ΔacrAB,ΔacrAB ΔmdtK,ΔacrAB ΔmdtK,,Mutations,wt,ΔmdtK::kan,ΔacrAB::kan,ΔacrAB,ΔacrAB ΔmdtK,ΔacrAB ΔmdtK,,Mutations,wt,ΔmdtK::kan,ΔacrAB::kan,ΔacrAB,ΔacrAB ΔmdtK,ΔacrAB ΔmdtK,,Mutations,wt,ΔmdtK::kan,ΔacrAB::kan,ΔacrAB,ΔacrAB ΔmdtK,ΔacrAB ΔmdtK,,Mutations,wt,ΔmdtK::kan,ΔacrAB::kan,ΔacrAB,ΔacrAB ΔmdtK,ΔacrAB ΔmdtK,
Time,A4,A5,A6,A7,A8,A9,7051+7052 AVG,,B4,B5,B6,B7,B8,B9,7051+7052 AVG,,C4,C5,C6,C7,C8,C9,7051+7052 AVG,,D4,D5,D6,D7,D8,D9,7051+7052 AVG,,H4,H5,H6,H7,H8,H9,7051+7052 AVG
0:00,0.092,0.09,0.093,0.093,0.097,0.094,0.0955,,0.091,0.092,0.092,0.092,0.091,0.09,0.0905,,0.093,0.091,0.091,0.091,0.09,0.091,0.0905,,0.093,0.092,0.092,0.09,0.092,0.092,0.092,,0.092,0.093,0.094,0.092,0.094,0.091,0.0925
0:29,0.095,0.092,0.094,0.095,0.098,0.095,0.0965,,0.094,0.094,0.094,0.094,0.093,0.092,0.0925,,0.097,0.093,0.093,0.093,0.091,0.092,0.0915,,0.095,0.094,0.094,0.092,0.094,0.094,0.094,,0.094,0.099,0.096,0.093,0.095,0.092,0.0935
0:59,0.099,0.095,0.097,0.097,0.1,0.097,0.0985,,0.098,0.098,0.097,0.097,0.096,0.095,0.0955,,0.1,0.096,0.096,0.096,0.095,0.096,0.0955,,0.099,0.098,0.097,0.096,0.1,0.097,0.0985,,0.098,0.099,0.099,0.097,0.099,0.095,0.097
1:29,0.105,0.101,0.1,0.101,0.103,0.099,0.101,,0.106,0.105,0.103,0.102,0.101,0.099,0.1,,0.109,0.104,0.103,0.103,0.101,0.102,0.1015,,0.108,0.107,0.105,0.103,0.105,0.104,0.1045,,0.106,0.107,0.107,0.104,0.107,0.103,0.105
1:59,0.119,0.112,0.106,0.106,0.107,0.103,0.105,,0.123,0.121,0.113,0.112,0.109,0.107,0.108,,0.125,0.121,0.118,0.117,0.113,0.114,0.1135,,0.125,0.124,0.122,0.12,0.122,0.12,0.121,,0.122,0.122,0.126,0.119,0.123,0.117,0.12
2:29,0.141,0.128,0.114,0.114,0.111,0.107,0.109,,0.152,0.147,0.126,0.125,0.12,0.117,0.1185,,0.155,0.149,0.139,0.138,0.13,0.13,0.13,,0.152,0.153,0.152,0.149,0.154,0.148,0.151,,0.149,0.148,0.146,0.143,0.145,0.14,0.1425
2:59,0.173,0.147,0.122,0.121,0.115,0.111,0.113,,0.205,0.193,0.14,0.139,0.13,0.128,0.129,,0.205,0.201,0.168,0.166,0.151,0.149,0.15,,0.203,0.203,0.203,0.198,0.203,0.192,0.1975,,0.196,0.201,0.188,0.183,0.186,0.181,0.1835
3:29,0.222,0.172,0.131,0.13,0.119,0.115,0.117,,0.299,0.268,0.156,0.153,0.14,0.138,0.139,,0.291,0.284,0.207,0.203,0.175,0.174,0.1745,,0.29,0.288,0.289,0.279,0.277,0.261,0.269,,0.279,0.275,0.262,0.258,0.257,0.249,0.253
3:59,0.284,0.205,0.138,0.137,0.123,0.118,0.1205,,0.43,0.38,0.168,0.166,0.147,0.144,0.1455,,0.414,0.412,0.255,0.252,0.202,0.203,0.2025,,0.407,0.41,0.403,0.392,0.374,0.348,0.361,,0.389,0.388,0.354,0.355,0.359,0.351,0.355
4:29,0.34,0.244,0.144,0.143,0.126,0.12,0.123,,0.577,0.516,0.179,0.178,0.154,0.149,0.1515,,0.536,0.55,0.296,0.297,0.234,0.238,0.236,,0.517,0.525,0.512,0.502,0.457,0.427,0.442,,0.496,0.496,0.461,0.45,0.452,0.449,0.4505
4:59,0.37,0.265,0.147,0.147,0.126,0.122,0.124,,0.693,0.627,0.189,0.185,0.156,0.151,0.1535,,0.651,0.67,0.321,0.319,0.266,0.267,0.2665,,0.635,0.649,0.583,0.584,0.532,0.496,0.514,,0.614,0.617,0.575,0.571,0.575,0.553,0.564
5:29,0.39,0.282,0.147,0.148,0.126,0.122,0.124,,0.829,0.715,0.193,0.191,0.156,0.152,0.154,,0.8,0.83,0.32,0.317,0.282,0.285,0.2835,,0.768,0.785,0.68,0.675,0.586,0.542,0.564,,0.744,0.753,0.664,0.646,0.673,0.663,0.668
5:59,0.411,0.289,0.147,0.148,0.125,0.121,0.123,,0.932,0.821,0.195,0.195,0.155,0.152,0.1535,,0.924,0.962,0.323,0.312,0.296,0.296,0.296,,0.877,0.896,0.763,0.765,0.627,0.58,0.6035,,0.85,0.859,0.744,0.738,0.779,0.779,0.779
6:29,0.413,0.294,0.145,0.147,0.124,0.12,0.122,,1.019,0.892,0.197,0.193,0.154,0.152,0.153,,1.031,1.075,0.319,0.315,0.298,0.298,0.298,,0.97,0.992,0.833,0.834,0.66,0.608,0.634,,0.94,0.948,0.83,0.822,0.894,0.879,0.8865
6:59,0.412,0.298,0.143,0.146,0.123,0.119,0.121,,1.089,0.942,0.195,0.191,0.153,0.15,0.1515,,1.131,1.17,0.308,0.314,0.297,0.295,0.296,,1.068,1.09,0.91,0.913,0.697,0.625,0.661,,1.031,1.031,0.91,0.911,0.997,0.98,0.9885
7:29,0.411,0.301,0.142,0.144,0.122,0.118,0.12,,1.137,0.975,0.191,0.19,0.151,0.149,0.15,,1.211,1.246,0.303,0.305,0.296,0.295,0.2955,,1.15,1.174,0.986,0.988,0.725,0.64,0.6825,,1.118,1.126,1.003,1.006,1.103,1.09,1.0965
7:59,0.408,0.299,0.141,0.142,0.121,0.117,0.119,,1.176,1.01,0.187,0.185,0.15,0.147,0.1485,,1.252,1.298,0.293,0.288,0.293,0.293,0.293,,1.196,1.227,1.05,1.057,0.76,0.656,0.708,,1.179,1.202,1.061,1.08,1.175,1.17,1.1725
8:29,0.396,0.292,0.14,0.142,0.12,0.116,0.118,,1.204,1.02,0.185,0.183,0.153,0.146,0.1495,,1.282,1.327,0.279,0.281,0.289,0.287,0.288,,1.232,1.263,1.102,1.111,0.788,0.679,0.7335,,1.217,1.247,1.096,1.115,1.229,1.224,1.2265
8:59,0.386,0.29,0.138,0.14,0.12,0.116,0.118,,1.209,1.021,0.181,0.177,0.148,0.145,0.1465,,1.302,1.346,0.281,0.272,0.282,0.28,0.281,,1.254,1.287,1.129,1.141,0.81,0.687,0.7485,,1.239,1.27,1.115,1.134,1.257,1.253,1.255
9:29,0.371,0.284,0.138,0.139,0.119,0.115,0.117,,1.215,1.024,0.176,0.175,0.147,0.145,0.146,,1.315,1.358,0.257,0.258,0.274,0.272,0.273,,1.271,1.304,1.148,1.16,0.823,0.699,0.761,,1.254,1.289,1.132,1.152,1.272,1.272,1.272
9:59,0.355,0.276,0.138,0.138,0.118,0.114,0.116,,1.212,1.029,0.174,0.172,0.146,0.143,0.1445,,1.322,1.367,0.24,0.24,0.262,0.263,0.2625,,1.286,1.319,1.164,1.175,0.848,0.708,0.778,,1.269,1.296,1.142,1.161,1.279,1.28,1.2795
10:29,0.338,0.268,0.136,0.136,0.117,0.114,0.1155,,1.213,1.002,0.168,0.167,0.144,0.143,0.1435,,1.329,1.372,0.221,0.22,0.251,0.25,0.2505,,1.297,1.325,1.176,1.189,0.862,0.719,0.7905,,1.276,1.301,1.146,1.165,1.283,1.287,1.285
10:59,0.326,0.256,0.136,0.135,0.117,0.114,0.1155,,1.205,1.008,0.163,0.164,0.144,0.142,0.143,,1.335,1.372,0.196,0.208,0.238,0.24,0.239,,1.304,1.331,1.187,1.201,0.882,0.733,0.8075,,1.278,1.305,1.147,1.167,1.287,1.291,1.289
11:29,0.305,0.249,0.134,0.135,0.117,0.113,0.115,,1.197,0.993,0.161,0.159,0.142,0.139,0.1405,,1.341,1.376,0.187,0.197,0.228,0.227,0.2275,,1.313,1.339,1.198,1.21,0.897,0.739,0.818,,1.279,1.303,1.149,1.168,1.289,1.294,1.2915
11:59,0.287,0.239,0.133,0.134,0.116,0.113,0.1145,,1.204,0.985,0.156,0.156,0.142,0.14,0.141,,1.346,1.378,0.178,0.178,0.215,0.217,0.216,,1.319,1.344,1.211,1.222,0.905,0.746,0.8255,,1.279,1.304,1.149,1.17,1.29,1.296,1.293
12:29,0.274,0.229,0.133,0.133,0.116,0.112,0.114,,1.194,0.973,0.151,0.154,0.141,0.139,0.14,,1.352,1.379,0.169,0.173,0.204,0.202,0.203,,1.32,1.346,1.223,1.232,0.919,0.759,0.839,,1.278,1.302,1.149,1.17,1.291,1.298,1.2945
12:59,0.265,0.218,0.132,0.132,0.115,0.112,0.1135,,1.185,0.963,0.148,0.15,0.14,0.138,0.139,,1.357,1.381,0.16,0.165,0.194,0.191,0.1925,,1.32,1.343,1.23,1.242,0.93,0.77,0.85,,1.273,1.299,1.147,1.166,1.287,1.295,1.291
13:29,0.249,0.208,0.131,0.131,0.114,0.111,0.1125,,1.18,0.96,0.143,0.151,0.14,0.137,0.1385,,1.36,1.384,0.152,0.161,0.185,0.179,0.182,,1.322,1.343,1.237,1.251,0.944,0.784,0.864,,1.272,1.295,1.143,1.163,1.285,1.294,1.2895
13:59,0.236,0.199,0.129,0.13,0.114,0.111,0.1125,,1.177,0.944,0.139,0.152,0.138,0.137,0.1375,,1.359,1.384,0.147,0.155,0.179,0.177,0.178,,1.323,1.343,1.239,1.258,0.957,0.792,0.8745,,1.271,1.294,1.142,1.163,1.285,1.293,1.289
14:29,0.228,0.194,0.129,0.129,0.114,0.111,0.1125,,1.175,0.94,0.136,0.157,0.138,0.136,0.137,,1.36,1.382,0.142,0.151,0.17,0.169,0.1695,,1.326,1.343,1.238,1.26,0.965,0.795,0.88,,1.27,1.294,1.142,1.164,1.285,1.307,1.296
14:59,0.218,0.186,0.128,0.129,0.113,0.11,0.1115,,1.174,0.925,0.133,0.167,0.137,0.136,0.1365,,1.359,1.38,0.139,0.149,0.164,0.164,0.164,,1.328,1.345,1.242,1.267,0.975,0.803,0.889,,1.269,1.297,1.144,1.163,1.284,1.295,1.2895
15:29,0.213,0.179,0.127,0.128,0.113,0.11,0.1115,,1.167,0.915,0.131,0.188,0.136,0.134,0.135,,1.359,1.379,0.136,0.149,0.159,0.156,0.1575,,1.329,1.345,1.244,1.271,0.984,0.809,0.8965,,1.269,1.293,1.144,1.166,1.285,1.296,1.2905
15:59,0.205,0.175,0.127,0.128,0.112,0.11,0.111,,1.162,0.896,0.129,0.218,0.137,0.134,0.1355,,1.358,1.375,0.135,0.15,0.155,0.151,0.153,,1.331,1.345,1.246,1.274,0.989,0.815,0.902,,1.267,1.29,1.144,1.166,1.284,1.296,1.29
16:29,0.198,0.17,0.126,0.127,0.112,0.109,0.1105,,1.148,0.892,0.126,0.267,0.136,0.133,0.1345,,1.358,1.375,0.134,0.154,0.151,0.146,0.1485,,1.332,1.346,1.249,1.277,0.992,0.817,0.9045,,1.266,1.288,1.145,1.166,1.284,1.296,1.29
16:59,0.193,0.169,0.126,0.126,0.112,0.109,0.1105,,1.15,0.883,0.125,0.335,0.135,0.132,0.1335,,1.359,1.374,0.134,0.159,0.147,0.145,0.146,,1.333,1.346,1.253,1.281,0.998,0.829,0.9135,,1.265,1.291,1.145,1.166,1.283,1.296,1.2895
17:29,0.189,0.165,0.126,0.125,0.112,0.109,0.1105,,1.144,0.871,0.123,0.436,0.134,0.13,0.132,,1.361,1.375,0.132,0.168,0.144,0.142,0.143,,1.333,1.345,1.254,1.285,0.999,0.841,0.92,,1.263,1.286,1.145,1.165,1.282,1.295,1.2885
17:59,0.185,0.162,0.125,0.126,0.111,0.108,0.1095,,1.141,0.863,0.122,0.537,0.134,0.131,0.1325,,1.36,1.373,0.132,0.18,0.141,0.14,0.1405,,1.334,1.345,1.254,1.288,0.994,0.853,0.9235,,1.261,1.288,1.143,1.164,1.282,1.295,1.2885
18:29,0.18,0.161,0.124,0.125,0.111,0.108,0.1095,,1.132,0.851,0.121,0.65,0.133,0.13,0.1315,,1.359,1.372,0.132,0.195,0.139,0.137,0.138,,1.335,1.345,1.256,1.29,0.997,0.864,0.9305,,1.259,1.283,1.142,1.164,1.28,1.293,1.2865
18:59,0.177,0.158,0.124,0.124,0.111,0.108,0.1095,,1.127,0.844,0.121,0.751,0.133,0.129,0.131,,1.36,1.371,0.131,0.211,0.138,0.137,0.1375,,1.334,1.345,1.254,1.292,0.995,0.875,0.935,,1.255,1.279,1.14,1.162,1.278,1.301,1.2895
19:29,0.174,0.157,0.123,0.125,0.111,0.108,0.1095,,1.119,0.834,0.12,0.842,0.133,0.129,0.131,,1.36,1.369,0.13,0.235,0.136,0.135,0.1355,,1.335,1.343,1.254,1.292,0.998,0.878,0.938,,1.253,1.276,1.138,1.161,1.277,1.292,1.2845
19:59,0.172,0.155,0.122,0.123,0.11,0.107,0.1085,,1.116,0.824,0.119,0.925,0.132,0.128,0.13,,1.36,1.369,0.13,0.265,0.135,0.134,0.1345,,1.333,1.343,1.255,1.291,0.991,0.884,0.9375,,1.251,1.272,1.136,1.159,1.276,1.29,1.283
20:29,0.169,0.153,0.122,0.123,0.11,0.107,0.1085,,1.113,0.814,0.118,0.997,0.131,0.128,0.1295,,1.359,1.365,0.13,0.294,0.134,0.134,0.134,,1.334,1.343,1.261,1.291,0.992,0.889,0.9405,,1.249,1.271,1.134,1.156,1.273,1.288,1.2805
20:59,0.167,0.152,0.122,0.122,0.11,0.107,0.1085,,1.108,0.803,0.117,1.067,0.131,0.127,0.129,,1.359,1.366,0.131,0.325,0.134,0.134,0.134,,1.333,1.343,1.265,1.294,0.991,0.891,0.941,,1.246,1.267,1.133,1.155,1.271,1.289,1.28
21:29,0.165,0.151,0.121,0.122,0.109,0.107,0.108,,1.095,0.79,0.117,1.131,0.131,0.127,0.129,,1.356,1.361,0.129,0.353,0.133,0.132,0.1325,,1.333,1.341,1.267,1.294,0.989,0.895,0.942,,1.244,1.265,1.131,1.152,1.268,1.284,1.276
21:59,0.166,0.15,0.121,0.121,0.109,0.107,0.108,,1.094,0.778,0.116,1.17,0.13,0.127,0.1285,,1.356,1.362,0.13,0.384,0.133,0.132,0.1325,,1.331,1.342,1.271,1.294,0.989,0.898,0.9435,,1.241,1.261,1.127,1.15,1.265,1.282,1.2735
22:29,0.162,0.15,0.12,0.121,0.109,0.106,0.1075,,1.084,0.763,0.116,1.196,0.129,0.126,0.1275,,1.354,1.359,0.13,0.42,0.132,0.131,0.1315,,1.331,1.341,1.272,1.292,0.986,0.897,0.9415,,1.238,1.258,1.125,1.148,1.264,1.28,1.272
22:59,0.16,0.148,0.119,0.121,0.109,0.106,0.1075,,1.075,0.75,0.115,1.221,0.129,0.126,0.1275,,1.354,1.357,0.129,0.463,0.131,0.131,0.131,,1.331,1.34,1.271,1.292,0.985,0.897,0.941,,1.234,1.254,1.122,1.145,1.262,1.277,1.2695
23:29,0.159,0.147,0.119,0.12,0.108,0.106,0.107,,1.065,0.74,0.115,1.239,0.129,0.125,0.127,,1.352,1.353,0.13,0.51,0.13,0.131,0.1305,,1.33,1.338,1.272,1.289,0.982,0.897,0.9395,,1.231,1.251,1.12,1.141,1.258,1.275,1.2665
23:59,0.159,0.146,0.119,0.119,0.108,0.106,0.107,,1.06,0.728,0.114,1.252,0.128,0.124,0.126,,1.351,1.353,0.129,0.556,0.131,0.13,0.1305,,1.329,1.337,1.271,1.289,0.978,0.898,0.938,,1.227,1.248,1.116,1.139,1.257,1.274,1.2655
,,,,,,,,,,,,,,,,,,,,,,,,,,,,,,,,,,,,,,,
,,,,,,,,,,,,,,,,,,,,,,,,,,,,,,,,,,,,,,,
"Data Present: 220920 Nor MIC at 80, 40, 20, 10 and 0 ng/mL. Because JOE7051 and JOE7052 have the same genotype, their OD600 readings are averaged per concentration and time interval.",,,,,,,,,,,,,,,,,,,,,,,,,,,,,,,,,,,,,,,
Nor conc.,80 ng/mL,80 ng/mL,80 ng/mL,80 ng/mL,80 ng/mL,80 ng/mL,,Nor conc.,40 ng/mL,40 ng/mL,40 ng/mL,40 ng/mL,40 ng/mL,40 ng/mL,,Nor conc.,20 ng/mL,20 ng/mL,20 ng/mL,20 ng/mL,20 ng/mL,20 ng/mL,,Nor conc.,10 ng/mL,10 ng/mL,10 ng/mL,10 ng/mL,10 ng/mL,10 ng/mL,,Nor conc.,0 ng/mL,0 ng/mL,0 ng/mL,0 ng/mL,0 ng/mL,0 ng/mL,
Strain ID,JOE6970,JOE6971,JOE6974,JOE6975,JOE7051,JOE7052,,Strain ID,JOE6970,JOE6971,JOE6974,JOE6975,JOE7051,JOE7052,,Strain ID,JOE6970,JOE6971,JOE6974,JOE6975,JOE7051,JOE7052,,Strain ID,JOE6970,JOE6971,JOE6974,JOE6975,JOE7051,JOE7052,,Strain ID,JOE6970,JOE6971,JOE6974,JOE6975,JOE7051,JOE7052,
E. coli sp.,BW25113,BW25113,BW25113,BW25113,BW25113,BW25113,,E. coli sp.,BW25113,BW25113,BW25113,BW25113,BW25113,BW25113,,E. coli sp.,BW25113,BW25113,BW25113,BW25113,BW25113,BW25113,,E. coli sp.,BW25113,BW25113,BW25113,BW25113,BW25113,BW25113,,E. coli sp.,BW25113,BW25113,BW25113,BW25113,BW25113,BW25113,
Mutations,wt,ΔmdtK::kan,ΔacrAB::kan,ΔacrAB,ΔacrAB ΔmdtK,ΔacrAB ΔmdtK,,Mutations,wt,ΔmdtK::kan,ΔacrAB::kan,ΔacrAB,ΔacrAB ΔmdtK,ΔacrAB ΔmdtK,,Mutations,wt,ΔmdtK::kan,ΔacrAB::kan,ΔacrAB,ΔacrAB ΔmdtK,ΔacrAB ΔmdtK,,Mutations,wt,ΔmdtK::kan,ΔacrAB::kan,ΔacrAB,ΔacrAB ΔmdtK,ΔacrAB ΔmdtK,,Mutations,wt,ΔmdtK::kan,ΔacrAB::kan,ΔacrAB,ΔacrAB ΔmdtK,ΔacrAB ΔmdtK,
Time,B4,B5,B6,B7,B8,B9,7051+7052 AVG,,C4,C5,C6,C7,C8,C9,7051+7052 AVG,,D4,D5,D6,D7,D8,D9,7051+7052 AVG,,E4,E5,E6,E7,E8,E9,7051+7052 AVG,,H4,H5,H6,H7,H8,H9,7051+7052 AVG
0:00,0.098,0.097,0.097,0.096,0.098,0.096,0.097,,0.099,0.098,0.096,0.096,0.098,0.097,0.0975,,0.1,0.1,0.097,0.097,0.097,0.097,0.097,,0.098,0.098,0.097,0.097,0.098,0.098,0.098,,0.099,0.099,0.098,0.098,0.102,0.098,0.1
0:29,0.101,0.1,0.099,0.098,0.099,0.098,0.0985,,0.102,0.101,0.098,0.099,0.1,0.099,0.0995,,0.103,0.103,0.1,0.1,0.1,0.1,0.1,,0.101,0.102,0.1,0.101,0.101,0.101,0.101,,0.103,0.102,0.101,0.101,0.106,0.101,0.1035
0:59,0.106,0.105,0.102,0.102,0.101,0.113,0.107,,0.108,0.107,0.103,0.104,0.104,0.103,0.1035,,0.11,0.11,0.106,0.107,0.106,0.106,0.106,,0.108,0.11,0.106,0.107,0.107,0.106,0.1065,,0.112,0.11,0.108,0.108,0.112,0.107,0.1095
1:29,0.117,0.114,0.106,0.107,0.104,0.104,0.104,,0.12,0.117,0.111,0.112,0.109,0.109,0.109,,0.123,0.124,0.116,0.118,0.115,0.116,0.1155,,0.12,0.125,0.12,0.121,0.118,0.117,0.1175,,0.125,0.124,0.12,0.12,0.126,0.119,0.1225
1:59,0.129,0.124,0.112,0.115,0.107,0.108,0.1075,,0.141,0.133,0.121,0.122,0.116,0.116,0.116,,0.145,0.147,0.129,0.133,0.128,0.128,0.128,,0.14,0.149,0.143,0.143,0.136,0.136,0.136,,0.148,0.145,0.139,0.139,0.147,0.138,0.1425
2:29,0.142,0.134,0.117,0.121,0.11,0.112,0.111,,0.17,0.154,0.131,0.132,0.123,0.122,0.1225,,0.181,0.185,0.146,0.152,0.142,0.143,0.1425,,0.172,0.19,0.18,0.181,0.161,0.16,0.1605,,0.187,0.182,0.169,0.169,0.182,0.168,0.175
2:59,0.158,0.145,0.123,0.127,0.113,0.115,0.114,,0.216,0.185,0.14,0.142,0.129,0.13,0.1295,,0.242,0.247,0.165,0.176,0.154,0.158,0.156,,0.229,0.258,0.236,0.237,0.199,0.198,0.1985,,0.253,0.245,0.221,0.222,0.241,0.221,0.231
3:29,0.179,0.154,0.128,0.135,0.115,0.118,0.1165,,0.281,0.229,0.15,0.151,0.134,0.136,0.135,,0.343,0.34,0.188,0.203,0.168,0.173,0.1705,,0.327,0.357,0.312,0.32,0.251,0.252,0.2515,,0.347,0.343,0.312,0.313,0.337,0.306,0.3215
3:59,0.204,0.163,0.133,0.138,0.117,0.121,0.119,,0.363,0.28,0.155,0.157,0.139,0.141,0.14,,0.456,0.466,0.216,0.238,0.181,0.191,0.186,,0.435,0.479,0.381,0.407,0.292,0.298,0.295,,0.454,0.451,0.402,0.405,0.434,0.402,0.418
4:29,0.228,0.172,0.137,0.142,0.119,0.123,0.121,,0.444,0.33,0.161,0.163,0.143,0.145,0.144,,0.57,0.602,0.244,0.264,0.196,0.206,0.201,,0.533,0.584,0.439,0.494,0.312,0.321,0.3165,,0.547,0.559,0.497,0.497,0.535,0.496,0.5155
4:59,0.241,0.179,0.14,0.145,0.121,0.125,0.123,,0.528,0.379,0.163,0.167,0.144,0.147,0.1455,,0.66,0.711,0.264,0.271,0.206,0.218,0.212,,0.626,0.719,0.485,0.545,0.315,0.333,0.324,,0.66,0.677,0.597,0.598,0.629,0.603,0.616
5:29,0.246,0.186,0.143,0.147,0.121,0.126,0.1235,,0.595,0.43,0.166,0.169,0.145,0.148,0.1465,,0.802,0.868,0.261,0.273,0.22,0.227,0.2235,,0.75,0.846,0.517,0.59,0.317,0.342,0.3295,,0.762,0.797,0.693,0.702,0.771,0.737,0.754
5:59,0.251,0.188,0.144,0.146,0.122,0.127,0.1245,,0.659,0.48,0.168,0.17,0.146,0.149,0.1475,,0.913,0.99,0.268,0.272,0.232,0.232,0.232,,0.852,0.949,0.538,0.646,0.315,0.35,0.3325,,0.852,0.89,0.777,0.787,0.872,0.837,0.8545
6:29,0.252,0.19,0.145,0.145,0.122,0.126,0.124,,0.728,0.51,0.168,0.169,0.146,0.149,0.1475,,1.012,1.084,0.27,0.267,0.226,0.231,0.2285,,0.941,1.034,0.555,0.688,0.316,0.349,0.3325,,0.929,0.974,0.84,0.852,0.938,0.903,0.9205
6:59,0.257,0.191,0.145,0.146,0.121,0.127,0.124,,0.774,0.539,0.168,0.169,0.145,0.149,0.147,,1.095,1.165,0.263,0.27,0.228,0.233,0.2305,,1.028,1.119,0.571,0.727,0.312,0.349,0.3305,,1.01,1.038,0.93,0.939,1.047,1.008,1.0275
7:29,0.258,0.192,0.145,0.146,0.121,0.126,0.1235,,0.809,0.556,0.167,0.174,0.145,0.147,0.146,,1.173,1.225,0.258,0.268,0.226,0.23,0.228,,1.113,1.205,0.578,0.768,0.306,0.352,0.329,,1.093,1.126,1.031,1.04,1.157,1.121,1.139
7:59,0.26,0.192,0.145,0.147,0.121,0.125,0.123,,0.829,0.569,0.166,0.168,0.145,0.147,0.146,,1.228,1.277,0.253,0.26,0.231,0.229,0.23,,1.174,1.273,0.596,0.823,0.305,0.351,0.328,,1.156,1.201,1.103,1.114,1.238,1.202,1.22
8:29,0.258,0.192,0.144,0.144,0.121,0.125,0.123,,0.839,0.576,0.166,0.166,0.144,0.147,0.1455,,1.264,1.308,0.249,0.252,0.224,0.224,0.224,,1.209,1.302,0.608,0.878,0.288,0.34,0.314,,1.194,1.262,1.153,1.161,1.297,1.265,1.281
8:59,0.258,0.189,0.143,0.144,0.121,0.125,0.123,,0.843,0.582,0.165,0.165,0.143,0.146,0.1445,,1.287,1.332,0.242,0.239,0.219,0.219,0.219,,1.241,1.327,0.618,0.924,0.278,0.338,0.308,,1.22,1.292,1.176,1.185,1.329,1.298,1.3135
9:29,0.253,0.189,0.143,0.144,0.12,0.125,0.1225,,0.843,0.574,0.165,0.164,0.142,0.144,0.143,,1.306,1.344,0.233,0.23,0.22,0.212,0.216,,1.264,1.345,0.631,0.983,0.269,0.325,0.297,,1.238,1.313,1.197,1.208,1.347,1.323,1.335
9:59,0.251,0.188,0.141,0.141,0.12,0.124,0.122,,0.836,0.563,0.163,0.162,0.142,0.144,0.143,,1.321,1.353,0.22,0.222,0.209,0.207,0.208,,1.279,1.358,0.643,1.033,0.252,0.308,0.28,,1.254,1.322,1.209,1.218,1.355,1.333,1.344
10:29,0.244,0.184,0.141,0.141,0.12,0.124,0.122,,0.829,0.547,0.162,0.159,0.141,0.142,0.1415,,1.333,1.359,0.214,0.215,0.202,0.201,0.2015,,1.293,1.369,0.655,1.079,0.234,0.292,0.263,,1.262,1.327,1.214,1.224,1.361,1.341,1.351
10:59,0.238,0.183,0.14,0.141,0.119,0.124,0.1215,,0.824,0.533,0.162,0.159,0.139,0.142,0.1405,,1.339,1.365,0.202,0.207,0.196,0.192,0.194,,1.303,1.375,0.664,1.114,0.206,0.271,0.2385,,1.266,1.329,1.218,1.228,1.365,1.345,1.355
11:29,0.228,0.179,0.138,0.14,0.119,0.122,0.1205,,0.811,0.515,0.16,0.158,0.139,0.141,0.14,,1.343,1.367,0.191,0.198,0.189,0.187,0.188,,1.311,1.38,0.678,1.144,0.193,0.253,0.223,,1.269,1.331,1.22,1.23,1.368,1.348,1.358
11:59,0.22,0.176,0.138,0.141,0.119,0.122,0.1205,,0.802,0.494,0.159,0.157,0.138,0.141,0.1395,,1.347,1.362,0.186,0.18,0.18,0.183,0.1815,,1.319,1.385,0.695,1.159,0.185,0.242,0.2135,,1.27,1.332,1.222,1.231,1.37,1.351,1.3605
12:29,0.212,0.174,0.138,0.138,0.118,0.122,0.12,,0.791,0.474,0.16,0.156,0.138,0.14,0.139,,1.353,1.366,0.175,0.169,0.175,0.172,0.1735,,1.325,1.39,0.71,1.171,0.177,0.236,0.2065,,1.27,1.332,1.223,1.233,1.371,1.354,1.3625
12:59,0.208,0.17,0.137,0.137,0.118,0.121,0.1195,,0.785,0.457,0.158,0.155,0.137,0.14,0.1385,,1.354,1.364,0.166,0.159,0.17,0.168,0.169,,1.329,1.392,0.729,1.181,0.169,0.225,0.197,,1.264,1.331,1.219,1.229,1.369,1.351,1.36
13:29,0.209,0.167,0.136,0.137,0.117,0.12,0.1185,,0.786,0.438,0.156,0.154,0.136,0.138,0.137,,1.357,1.361,0.159,0.158,0.165,0.162,0.1635,,1.328,1.391,0.748,1.189,0.163,0.22,0.1915,,1.264,1.327,1.219,1.227,1.367,1.349,1.358
13:59,0.216,0.165,0.136,0.136,0.117,0.12,0.1185,,0.771,0.422,0.154,0.152,0.135,0.138,0.1365,,1.36,1.358,0.155,0.154,0.159,0.158,0.1585,,1.33,1.39,0.77,1.192,0.157,0.214,0.1855,,1.263,1.325,1.219,1.228,1.367,1.349,1.358
14:29,0.223,0.161,0.135,0.138,0.117,0.12,0.1185,,0.775,0.411,0.156,0.153,0.135,0.137,0.136,,1.364,1.362,0.15,0.148,0.154,0.152,0.153,,1.336,1.39,0.794,1.202,0.154,0.209,0.1815,,1.263,1.324,1.22,1.229,1.367,1.351,1.359
14:59,0.242,0.159,0.134,0.134,0.116,0.118,0.117,,0.766,0.401,0.153,0.151,0.135,0.136,0.1355,,1.366,1.362,0.149,0.145,0.148,0.147,0.1475,,1.338,1.391,0.816,1.201,0.15,0.203,0.1765,,1.266,1.324,1.22,1.23,1.368,1.351,1.3595
15:29,0.269,0.156,0.134,0.133,0.116,0.119,0.1175,,0.762,0.388,0.154,0.149,0.134,0.135,0.1345,,1.369,1.359,0.14,0.141,0.145,0.142,0.1435,,1.34,1.391,0.842,1.202,0.147,0.203,0.175,,1.264,1.324,1.221,1.23,1.369,1.351,1.36
15:59,0.305,0.153,0.132,0.134,0.116,0.118,0.117,,0.754,0.38,0.152,0.148,0.133,0.135,0.134,,1.369,1.358,0.14,0.138,0.142,0.139,0.1405,,1.342,1.392,0.869,1.209,0.146,0.198,0.172,,1.264,1.324,1.223,1.232,1.369,1.351,1.36
16:29,0.348,0.151,0.132,0.133,0.115,0.118,0.1165,,0.75,0.371,0.15,0.148,0.133,0.134,0.1335,,1.373,1.365,0.134,0.136,0.139,0.137,0.138,,1.343,1.393,0.906,1.214,0.145,0.197,0.171,,1.269,1.323,1.223,1.232,1.369,1.352,1.3605
16:59,0.387,0.15,0.131,0.133,0.115,0.117,0.116,,0.736,0.364,0.149,0.147,0.133,0.133,0.133,,1.377,1.357,0.132,0.135,0.136,0.134,0.135,,1.345,1.393,0.917,1.212,0.143,0.193,0.168,,1.269,1.321,1.224,1.232,1.369,1.35,1.3595
17:29,0.412,0.148,0.131,0.131,0.115,0.117,0.116,,0.724,0.358,0.149,0.146,0.133,0.133,0.133,,1.38,1.36,0.131,0.133,0.134,0.132,0.133,,1.345,1.392,0.937,1.214,0.143,0.191,0.167,,1.268,1.321,1.223,1.232,1.369,1.351,1.36
17:59,0.423,0.147,0.13,0.131,0.115,0.117,0.116,,0.728,0.353,0.147,0.143,0.132,0.133,0.1325,,1.383,1.358,0.128,0.133,0.132,0.129,0.1305,,1.347,1.392,0.957,1.218,0.144,0.192,0.168,,1.267,1.32,1.223,1.231,1.369,1.35,1.3595
18:29,0.435,0.146,0.129,0.131,0.114,0.117,0.1155,,0.708,0.344,0.146,0.142,0.131,0.133,0.132,,1.387,1.355,0.128,0.132,0.129,0.129,0.129,,1.347,1.391,0.962,1.214,0.143,0.192,0.1675,,1.265,1.318,1.223,1.232,1.368,1.349,1.3585
18:59,0.441,0.143,0.128,0.131,0.114,0.116,0.115,,0.717,0.336,0.147,0.141,0.131,0.132,0.1315,,1.385,1.353,0.127,0.132,0.128,0.126,0.127,,1.347,1.389,0.972,1.216,0.144,0.192,0.168,,1.265,1.317,1.223,1.231,1.367,1.349,1.358
19:29,0.442,0.143,0.128,0.13,0.114,0.116,0.115,,0.708,0.328,0.145,0.145,0.13,0.131,0.1305,,1.389,1.358,0.134,0.132,0.127,0.125,0.126,,1.347,1.389,0.977,1.219,0.145,0.192,0.1685,,1.263,1.315,1.221,1.229,1.365,1.347,1.356
19:59,0.444,0.143,0.128,0.129,0.114,0.115,0.1145,,0.696,0.322,0.143,0.142,0.129,0.13,0.1295,,1.388,1.357,0.125,0.133,0.126,0.124,0.125,,1.347,1.387,0.979,1.219,0.146,0.193,0.1695,,1.262,1.313,1.221,1.229,1.364,1.346,1.355
20:29,0.436,0.141,0.126,0.128,0.113,0.115,0.114,,0.69,0.316,0.143,0.137,0.13,0.13,0.13,,1.391,1.355,0.128,0.133,0.125,0.122,0.1235,,1.348,1.386,0.988,1.217,0.148,0.195,0.1715,,1.26,1.311,1.22,1.228,1.363,1.344,1.3535
20:59,0.433,0.142,0.126,0.129,0.113,0.115,0.114,,0.678,0.315,0.142,0.137,0.13,0.129,0.1295,,1.392,1.349,0.124,0.133,0.123,0.122,0.1225,,1.35,1.385,0.991,1.216,0.15,0.196,0.173,,1.258,1.309,1.219,1.226,1.361,1.342,1.3515
21:29,0.425,0.139,0.126,0.128,0.114,0.116,0.115,,0.678,0.312,0.141,0.135,0.128,0.129,0.1285,,1.391,1.349,0.125,0.133,0.122,0.121,0.1215,,1.351,1.384,0.991,1.218,0.151,0.199,0.175,,1.257,1.308,1.217,1.226,1.359,1.34,1.3495
21:59,0.415,0.139,0.125,0.126,0.113,0.114,0.1135,,0.671,0.306,0.141,0.134,0.128,0.128,0.128,,1.389,1.345,0.123,0.133,0.121,0.121,0.121,,1.363,1.383,0.994,1.218,0.155,0.202,0.1785,,1.255,1.305,1.214,1.224,1.358,1.339,1.3485
22:29,0.401,0.138,0.125,0.127,0.112,0.114,0.113,,0.656,0.302,0.14,0.134,0.127,0.128,0.1275,,1.387,1.343,0.129,0.134,0.121,0.121,0.121,,1.361,1.381,0.996,1.218,0.158,0.206,0.182,,1.256,1.303,1.214,1.222,1.356,1.337,1.3465
22:59,0.39,0.138,0.124,0.126,0.113,0.114,0.1135,,0.656,0.297,0.139,0.132,0.128,0.128,0.128,,1.384,1.337,0.123,0.134,0.119,0.12,0.1195,,1.36,1.379,0.997,1.216,0.162,0.209,0.1855,,1.257,1.302,1.212,1.22,1.355,1.333,1.344
23:29,0.367,0.137,0.124,0.126,0.112,0.114,0.113,,0.657,0.296,0.139,0.132,0.127,0.128,0.1275,,1.386,1.329,0.123,0.134,0.119,0.12,0.1195,,1.36,1.377,1,1.216,0.167,0.212,0.1895,,1.267,1.299,1.212,1.218,1.352,1.332,1.342
23:59,0.351,0.136,0.124,0.125,0.112,0.113,0.1125,,0.642,0.288,0.138,0.131,0.127,0.126,0.1265,,1.384,1.326,0.124,0.134,0.119,0.119,0.119,,1.358,1.375,1,1.215,0.172,0.217,0.1945,,1.265,1.297,1.209,1.215,1.349,1.329,1.339
,,,,,,,,,,,,,,,,,,,,,,,,,,,,,,,,,,,,,,,
,,,,,,,,,,,,,,,,,,,,,,,,,,,,,,,,,,,,,,,
"Averages per Concentration and Strain are calculated here. JOE7051 and JOE7052 are grouped together as previously done, with only JOE7052 included from the 7/28 assay.",,,,,,,,,,,,,,,,,,,,,,,,,,,,,,,,,,,,,,,
"Example: for JOE6970 at 80 ng/mL Nor at about 30 minutes, the averaged value from of all five experiments for that cell at that time is calculated.",,,,,,,,,,,,,,,,,,,,,,,,,,,,,,,,,,,,,,,
Nor conc.,80 ng/mL,80 ng/mL,80 ng/mL,80 ng/mL,80 ng/mL,,,Nor conc.,40 ng/mL,40 ng/mL,40 ng/mL,40 ng/mL,40 ng/mL,,,Nor conc.,20 ng/mL,20 ng/mL,20 ng/mL,20 ng/mL,20 ng/mL,,,Nor conc.,10 ng/mL,10 ng/mL,10 ng/mL,10 ng/mL,10 ng/mL,,,Nor conc.,0 ng/mL,0 ng/mL,0 ng/mL,0 ng/mL,0 ng/mL,,
Strain ID,JOE6970,JOE6971,JOE6974,JOE6975,JOE7051+7052,,,Strain ID,JOE6970,JOE6971,JOE6974,JOE6975,JOE7051+7052,,,Strain ID,JOE6970,JOE6971,JOE6974,JOE6975,JOE7051+7052,,,Strain ID,JOE6970,JOE6971,JOE6974,JOE6975,JOE7051+7052,,,Strain ID,JOE6970,JOE6971,JOE6974,JOE6975,JOE7051+7052,,
E. coli sp.,BW25113,BW25113,BW25113,BW25113,BW25113,,,E. coli sp.,BW25113,BW25113,BW25113,BW25113,BW25113,,,E. coli sp.,BW25113,BW25113,BW25113,BW25113,BW25113,,,E. coli sp.,BW25113,BW25113,BW25113,BW25113,BW25113,,,E. coli sp.,BW25113,BW25113,BW25113,BW25113,BW25113,,
Mutations,wt,ΔmdtK::kan,ΔacrAB::kan,ΔacrAB,ΔacrAB ΔmdtK,,,Mutations,wt,ΔmdtK::kan,ΔacrAB::kan,ΔacrAB,ΔacrAB ΔmdtK,,,Mutations,wt,ΔmdtK::kan,ΔacrAB::kan,ΔacrAB,ΔacrAB ΔmdtK,,,Mutations,wt,ΔmdtK::kan,ΔacrAB::kan,ΔacrAB,ΔacrAB ΔmdtK,,,Mutations,wt,ΔmdtK::kan,ΔacrAB::kan,ΔacrAB,ΔacrAB ΔmdtK,,
Time,D4 AVG,D5 AVG,D6 AVG,D7 AVG,D8+D9 AVG,,,,E4 AVG,E5 AVG,E6 AVG,E7 AVG,E8+E9 AVG,,,,F4 AVG,F5 AVG,F6 AVG,F7 AVG,F8+F9 AVG,,,,E4 AVG,E5 AVG,E6 AVG,E7 AVG,E8+E9 AVG,,,,G4 AVG,G5 AVG,G6 AVG,G7 AVG,G8+G9 AVG,,
0:00,0.095,0.095,0.095,0.095,0.095,,,,0.094,0.095,0.094,0.095,0.094,,,,0.097,0.094,0.094,0.094,0.094,,,,0.095,0.095,0.095,0.093,0.095,,,,0.095,0.095,0.095,0.095,0.096,,
0:29,0.098,0.097,0.096,0.097,0.097,,,,0.097,0.097,0.096,0.096,0.096,,,,0.099,0.097,0.096,0.096,0.096,,,,0.098,0.097,0.097,0.096,0.098,,,,0.097,0.098,0.098,0.097,0.098,,
0:59,0.102,0.101,0.099,0.099,0.100,,,,0.102,0.101,0.099,0.100,0.100,,,,0.104,0.101,0.100,0.100,0.101,,,,0.102,0.102,0.101,0.100,0.103,,,,0.102,0.102,0.101,0.101,0.102,,
1:29,0.110,0.107,0.102,0.103,0.102,,,,0.111,0.109,0.105,0.106,0.105,,,,0.113,0.111,0.107,0.108,0.108,,,,0.112,0.112,0.111,0.108,0.111,,,,0.111,0.111,0.109,0.109,0.112,,
1:59,0.123,0.118,0.108,0.109,0.106,,,,0.129,0.125,0.115,0.115,0.113,,,,0.130,0.128,0.120,0.120,0.121,,,,0.129,0.130,0.126,0.123,0.129,,,,0.128,0.128,0.125,0.123,0.128,,
2:29,0.142,0.132,0.115,0.116,0.110,,,,0.157,0.148,0.127,0.126,0.123,,,,0.159,0.158,0.139,0.139,0.139,,,,0.157,0.159,0.155,0.151,0.157,,,,0.155,0.155,0.147,0.146,0.154,,
2:59,0.166,0.148,0.122,0.123,0.115,,,,0.206,0.186,0.141,0.138,0.133,,,,0.209,0.208,0.164,0.164,0.158,,,,0.205,0.209,0.202,0.195,0.201,,,,0.202,0.202,0.185,0.184,0.198,,
3:29,0.201,0.165,0.129,0.131,0.119,,,,0.284,0.243,0.154,0.150,0.143,,,,0.292,0.288,0.196,0.195,0.180,,,,0.287,0.289,0.275,0.264,0.266,,,,0.278,0.277,0.251,0.249,0.269,,
3:59,0.246,0.184,0.136,0.137,0.123,,,,0.394,0.322,0.165,0.160,0.151,,,,0.404,0.406,0.236,0.234,0.204,,,,0.395,0.402,0.369,0.357,0.343,,,,0.381,0.381,0.339,0.338,0.366,,
4:29,0.290,0.208,0.142,0.142,0.126,,,,0.515,0.418,0.175,0.169,0.157,,,,0.522,0.538,0.278,0.276,0.231,,,,0.501,0.512,0.467,0.459,0.414,,,,0.480,0.485,0.435,0.431,0.458,,
4:59,0.321,0.228,0.146,0.146,0.128,,,,0.623,0.507,0.183,0.176,0.161,,,,0.625,0.655,0.309,0.302,0.258,,,,0.606,0.627,0.541,0.541,0.466,,,,0.587,0.595,0.532,0.530,0.564,,
5:29,0.338,0.243,0.149,0.150,0.128,,,,0.718,0.584,0.188,0.180,0.163,,,,0.760,0.794,0.318,0.312,0.277,,,,0.736,0.751,0.605,0.611,0.501,,,,0.705,0.716,0.638,0.632,0.679,,
5:59,0.351,0.251,0.151,0.151,0.128,,,,0.817,0.660,0.191,0.183,0.163,,,,0.884,0.930,0.325,0.314,0.292,,,,0.844,0.867,0.675,0.683,0.530,,,,0.808,0.823,0.737,0.738,0.792,,
6:29,0.356,0.258,0.152,0.151,0.127,,,,0.901,0.721,0.193,0.184,0.163,,,,0.989,1.039,0.326,0.315,0.297,,,,0.938,0.962,0.734,0.749,0.553,,,,0.897,0.912,0.805,0.811,0.873,,
6:59,0.359,0.261,0.151,0.151,0.126,,,,0.963,0.770,0.193,0.185,0.161,,,,1.077,1.131,0.322,0.313,0.300,,,,1.020,1.048,0.786,0.811,0.571,,,,0.974,0.986,0.882,0.896,0.965,,
7:29,0.360,0.264,0.151,0.151,0.126,,,,1.009,0.800,0.191,0.185,0.160,,,,1.158,1.203,0.320,0.308,0.301,,,,1.104,1.129,0.836,0.869,0.586,,,,1.054,1.063,0.965,0.978,1.060,,
7:59,0.361,0.263,0.150,0.149,0.124,,,,1.043,0.823,0.189,0.183,0.158,,,,1.222,1.264,0.314,0.301,0.300,,,,1.172,1.201,0.885,0.930,0.600,,,,1.128,1.142,1.040,1.063,1.148,,
8:29,0.356,0.261,0.148,0.148,0.124,,,,1.064,0.834,0.187,0.181,0.158,,,,1.265,1.307,0.306,0.295,0.296,,,,1.221,1.251,0.933,0.986,0.608,,,,1.185,1.208,1.097,1.125,1.216,,
8:59,0.350,0.259,0.147,0.147,0.123,,,,1.077,0.839,0.184,0.178,0.156,,,,1.289,1.333,0.300,0.290,0.292,,,,1.251,1.286,0.970,1.035,0.614,,,,1.219,1.249,1.132,1.166,1.259,,
9:29,0.341,0.255,0.147,0.146,0.122,,,,1.082,0.837,0.182,0.177,0.155,,,,1.308,1.350,0.286,0.277,0.286,,,,1.273,1.308,1.000,1.075,0.614,,,,1.240,1.273,1.155,1.191,1.284,,
9:59,0.331,0.251,0.145,0.145,0.121,,,,1.080,0.832,0.179,0.175,0.153,,,,1.320,1.361,0.270,0.265,0.277,,,,1.287,1.323,1.024,1.111,0.611,,,,1.256,1.288,1.170,1.206,1.296,,
10:29,0.316,0.245,0.145,0.144,0.121,,,,1.079,0.819,0.176,0.174,0.152,,,,1.330,1.369,0.254,0.247,0.267,,,,1.301,1.334,1.041,1.135,0.608,,,,1.268,1.296,1.182,1.218,1.303,,
10:59,0.303,0.239,0.143,0.143,0.120,,,,1.074,0.809,0.173,0.170,0.151,,,,1.336,1.373,0.233,0.232,0.256,,,,1.311,1.343,1.057,1.155,0.604,,,,1.276,1.300,1.187,1.224,1.307,,
11:29,0.286,0.232,0.141,0.142,0.120,,,,1.066,0.794,0.170,0.167,0.150,,,,1.342,1.377,0.219,0.218,0.245,,,,1.321,1.350,1.072,1.173,0.604,,,,1.280,1.302,1.191,1.227,1.311,,
11:59,0.270,0.225,0.140,0.141,0.119,,,,1.063,0.783,0.168,0.166,0.150,,,,1.346,1.376,0.206,0.198,0.235,,,,1.327,1.355,1.084,1.187,0.601,,,,1.283,1.305,1.193,1.230,1.313,,
12:29,0.258,0.218,0.140,0.139,0.119,,,,1.055,0.767,0.165,0.164,0.149,,,,1.351,1.379,0.194,0.189,0.223,,,,1.331,1.358,1.094,1.197,0.602,,,,1.285,1.306,1.195,1.231,1.315,,
12:59,0.246,0.211,0.139,0.138,0.118,,,,1.047,0.753,0.162,0.163,0.148,,,,1.355,1.380,0.182,0.178,0.213,,,,1.334,1.360,1.104,1.206,0.602,,,,1.283,1.305,1.195,1.231,1.315,,
13:29,0.237,0.205,0.138,0.138,0.117,,,,1.043,0.742,0.159,0.161,0.147,,,,1.358,1.380,0.172,0.171,0.202,,,,1.335,1.361,1.110,1.211,0.603,,,,1.282,1.303,1.194,1.231,1.314,,
13:59,0.230,0.200,0.136,0.136,0.117,,,,1.036,0.727,0.156,0.159,0.146,,,,1.361,1.378,0.165,0.164,0.193,,,,1.335,1.361,1.118,1.214,0.606,,,,1.282,1.302,1.193,1.230,1.312,,
14:29,0.225,0.196,0.136,0.136,0.117,,,,1.029,0.719,0.155,0.159,0.146,,,,1.364,1.380,0.158,0.157,0.185,,,,1.339,1.361,1.125,1.219,0.604,,,,1.283,1.303,1.194,1.231,1.314,,
14:59,0.225,0.195,0.135,0.135,0.116,,,,1.025,0.712,0.152,0.156,0.145,,,,1.366,1.380,0.154,0.154,0.177,,,,1.342,1.362,1.130,1.222,0.606,,,,1.285,1.305,1.196,1.233,1.313,,
15:29,0.228,0.195,0.134,0.134,0.116,,,,1.024,0.701,0.151,0.156,0.144,,,,1.367,1.379,0.149,0.149,0.171,,,,1.344,1.364,1.138,1.223,0.609,,,,1.286,1.305,1.197,1.236,1.314,,
15:59,0.233,0.198,0.133,0.134,0.115,,,,1.017,0.686,0.149,0.153,0.144,,,,1.368,1.377,0.146,0.147,0.165,,,,1.347,1.365,1.145,1.226,0.611,,,,1.286,1.305,1.198,1.236,1.315,,
16:29,0.245,0.204,0.133,0.133,0.115,,,,1.013,0.681,0.147,0.153,0.143,,,,1.370,1.379,0.143,0.144,0.160,,,,1.350,1.367,1.154,1.228,0.612,,,,1.288,1.305,1.199,1.236,1.315,,
16:59,0.258,0.215,0.132,0.132,0.115,,,,1.004,0.669,0.145,0.150,0.143,,,,1.373,1.376,0.141,0.144,0.156,,,,1.352,1.369,1.157,1.229,0.614,,,,1.288,1.305,1.200,1.237,1.315,,
17:29,0.271,0.226,0.132,0.131,0.114,,,,0.997,0.660,0.144,0.149,0.142,,,,1.374,1.377,0.140,0.144,0.153,,,,1.354,1.370,1.161,1.229,0.615,,,,1.288,1.305,1.201,1.237,1.316,,
17:59,0.284,0.242,0.130,0.131,0.114,,,,0.992,0.654,0.142,0.147,0.142,,,,1.376,1.377,0.138,0.146,0.149,,,,1.357,1.371,1.164,1.231,0.618,,,,1.288,1.305,1.201,1.237,1.317,,
18:29,0.302,0.254,0.130,0.131,0.114,,,,0.983,0.647,0.141,0.145,0.141,,,,1.378,1.376,0.137,0.150,0.147,,,,1.359,1.372,1.168,1.230,0.619,,,,1.287,1.303,1.201,1.238,1.316,,
18:59,0.319,0.270,0.129,0.130,0.113,,,,0.979,0.638,0.141,0.144,0.140,,,,1.378,1.374,0.136,0.150,0.145,,,,1.360,1.373,1.169,1.230,0.622,,,,1.286,1.303,1.201,1.238,1.317,,
19:29,0.330,0.285,0.129,0.129,0.113,,,,0.970,0.627,0.139,0.144,0.140,,,,1.380,1.376,0.137,0.155,0.143,,,,1.362,1.372,1.170,1.232,0.624,,,,1.286,1.301,1.200,1.237,1.315,,
19:59,0.334,0.296,0.128,0.128,0.113,,,,0.966,0.622,0.137,0.143,0.139,,,,1.381,1.374,0.135,0.161,0.141,,,,1.363,1.373,1.170,1.231,0.625,,,,1.284,1.300,1.199,1.237,1.315,,
20:29,0.332,0.303,0.127,0.128,0.112,,,,0.955,0.610,0.137,0.140,0.139,,,,1.382,1.373,0.135,0.167,0.140,,,,1.366,1.373,1.174,1.231,0.628,,,,1.284,1.299,1.198,1.235,1.314,,
20:59,0.331,0.305,0.127,0.128,0.112,,,,0.955,0.599,0.136,0.139,0.138,,,,1.383,1.372,0.134,0.172,0.139,,,,1.367,1.374,1.175,1.231,0.629,,,,1.283,1.297,1.198,1.235,1.313,,
21:29,0.328,0.305,0.126,0.127,0.112,,,,0.944,0.595,0.135,0.138,0.138,,,,1.384,1.371,0.133,0.180,0.138,,,,1.368,1.374,1.175,1.229,0.630,,,,1.282,1.296,1.196,1.235,1.311,,
21:59,0.324,0.307,0.126,0.126,0.112,,,,0.931,0.587,0.134,0.137,0.137,,,,1.384,1.370,0.133,0.184,0.137,,,,1.371,1.374,1.176,1.230,0.633,,,,1.281,1.294,1.195,1.233,1.310,,
22:29,0.319,0.306,0.125,0.126,0.111,,,,0.928,0.578,0.134,0.136,0.137,,,,1.383,1.367,0.134,0.192,0.136,,,,1.372,1.374,1.176,1.228,0.636,,,,1.280,1.293,1.195,1.232,1.309,,
22:59,0.315,0.308,0.124,0.126,0.111,,,,0.920,0.566,0.132,0.140,0.136,,,,1.383,1.366,0.132,0.201,0.135,,,,1.373,1.373,1.175,1.228,0.638,,,,1.279,1.291,1.194,1.231,1.307,,
23:29,0.308,0.309,0.124,0.125,0.111,,,,0.911,0.559,0.133,0.134,0.136,,,,1.385,1.363,0.133,0.210,0.134,,,,1.373,1.372,1.175,1.227,0.640,,,,1.280,1.289,1.193,1.230,1.306,,
23:59,0.302,0.309,0.124,0.125,0.111,,,,0.902,0.550,0.132,0.134,0.135,,,,1.384,1.361,0.133,0.220,0.134,,,,1.373,1.372,1.174,1.226,0.643,,,,1.278,1.287,1.192,1.230,1.304,,
,,,,,,,,,,,,,,,,,,,,,,,,,,,,,,,,,,,,,,,
,,,,,,,,,,,,,,,,,,,,,,,,,,,,,,,,,,,,,,,
Standard Deviations are measured per time Interval at a given concentration across all strains present. ,,,,,,,,,,,,,,,,,,,,,,,,,,,,,,,,,,,,,,,
"Example: for JOE6970 at 80 ng/mL Nor at about 30 minutes, the SD from of all five experiments for that cell at that time is calculated.",,,,,,,,,,,,,,,,,,,,,,,,,,,,,,,,,,,,,,,
Nor conc.,80 ng/mL,80 ng/mL,80 ng/mL,80 ng/mL,80 ng/mL,,,Nor conc.,40 ng/mL,40 ng/mL,40 ng/mL,40 ng/mL,40 ng/mL,,,Nor conc.,20 ng/mL,20 ng/mL,20 ng/mL,20 ng/mL,20 ng/mL,,,Nor conc.,10 ng/mL,10 ng/mL,10 ng/mL,10 ng/mL,10 ng/mL,,,Nor conc.,0 ng/mL,0 ng/mL,0 ng/mL,0 ng/mL,0 ng/mL,,
Strain ID,JOE6970,JOE6971,JOE6974,JOE6975,JOE7051+7052,,,Strain ID,JOE6970,JOE6971,JOE6974,JOE6975,JOE7051+7052,,,Strain ID,JOE6970,JOE6971,JOE6974,JOE6975,JOE7051+7052,,,Strain ID,JOE6970,JOE6971,JOE6974,JOE6975,JOE7051+7052,,,Strain ID,JOE6970,JOE6971,JOE6974,JOE6975,JOE7051+7052,,
E. coli sp.,BW25113,BW25113,BW25113,BW25113,BW25113,,,E. coli sp.,BW25113,BW25113,BW25113,BW25113,BW25113,,,E. coli sp.,BW25113,BW25113,BW25113,BW25113,BW25113,,,E. coli sp.,BW25113,BW25113,BW25113,BW25113,BW25113,,,E. coli sp.,BW25113,BW25113,BW25113,BW25113,BW25113,,
Mutations,wt,ΔmdtK::kan,ΔacrAB::kan,ΔacrAB,ΔacrAB ΔmdtK,,,Mutations,wt,ΔmdtK::kan,ΔacrAB::kan,ΔacrAB,ΔacrAB ΔmdtK,,,Mutations,wt,ΔmdtK::kan,ΔacrAB::kan,ΔacrAB,ΔacrAB ΔmdtK,,,Mutations,wt,ΔmdtK::kan,ΔacrAB::kan,ΔacrAB,ΔacrAB ΔmdtK,,,Mutations,wt,ΔmdtK::kan,ΔacrAB::kan,ΔacrAB,ΔacrAB ΔmdtK,,
Time,D4 SD,D5 SD,D6 SD,D7 SD,D8+D9 SD,,,,E4 SD,E5 SD,E6 SD,E7 SD,E8+E9 SD,,,,F4 SD,F5 SD,F6 SD,F7 SD,F8+F9 SD,,,,G4 SD,G5 SD,G6 SD,G7 SD,G8+G9 SD,,,,H4 SD,H5 SD,H6 SD,H7 SD,H8+H9 SD,,
0:00,0.003,0.003,0.002,0.001,0.002,,,,0.003,0.002,0.002,0.002,0.003,,,,0.002,0.003,0.003,0.002,0.002,,,,0.002,0.002,0.003,0.002,0.003,,,,0.004,0.003,0.002,0.003,0.003,,
0:29,0.003,0.004,0.002,0.001,0.002,,,,0.003,0.003,0.002,0.002,0.003,,,,0.002,0.003,0.003,0.002,0.003,,,,0.002,0.003,0.004,0.003,0.003,,,,0.004,0.003,0.002,0.003,0.004,,
0:59,0.003,0.004,0.002,0.002,0.005,,,,0.004,0.003,0.002,0.003,0.003,,,,0.003,0.005,0.004,0.004,0.004,,,,0.003,0.005,0.003,0.004,0.003,,,,0.006,0.004,0.004,0.004,0.005,,
1:29,0.004,0.005,0.002,0.002,0.002,,,,0.005,0.004,0.003,0.004,0.003,,,,0.005,0.007,0.005,0.006,0.005,,,,0.004,0.007,0.006,0.007,0.005,,,,0.007,0.007,0.006,0.006,0.007,,
1:59,0.004,0.005,0.002,0.003,0.002,,,,0.007,0.006,0.004,0.005,0.003,,,,0.008,0.011,0.005,0.007,0.006,,,,0.006,0.011,0.009,0.011,0.006,,,,0.010,0.010,0.008,0.009,0.010,,
2:29,0.001,0.005,0.002,0.003,0.002,,,,0.007,0.008,0.003,0.005,0.004,,,,0.012,0.017,0.005,0.008,0.007,,,,0.008,0.018,0.014,0.017,0.009,,,,0.016,0.016,0.013,0.013,0.015,,
2:59,0.005,0.006,0.002,0.003,0.003,,,,0.007,0.014,0.004,0.006,0.006,,,,0.018,0.026,0.006,0.009,0.010,,,,0.013,0.029,0.021,0.026,0.015,,,,0.026,0.026,0.021,0.022,0.023,,
3:29,0.014,0.009,0.003,0.003,0.004,,,,0.012,0.025,0.006,0.006,0.008,,,,0.030,0.039,0.012,0.011,0.014,,,,0.023,0.043,0.031,0.039,0.026,,,,0.037,0.040,0.038,0.038,0.035,,
3:59,0.026,0.016,0.004,0.003,0.004,,,,0.026,0.046,0.008,0.008,0.011,,,,0.034,0.052,0.021,0.017,0.021,,,,0.026,0.052,0.038,0.048,0.045,,,,0.040,0.047,0.044,0.044,0.040,,
4:29,0.037,0.026,0.004,0.003,0.005,,,,0.047,0.074,0.010,0.008,0.012,,,,0.032,0.053,0.026,0.018,0.029,,,,0.024,0.049,0.043,0.047,0.071,,,,0.039,0.048,0.045,0.043,0.041,,
4:59,0.044,0.030,0.005,0.004,0.006,,,,0.057,0.094,0.013,0.009,0.014,,,,0.028,0.044,0.029,0.020,0.040,,,,0.024,0.058,0.047,0.037,0.097,,,,0.044,0.052,0.051,0.050,0.043,,
5:29,0.051,0.033,0.005,0.004,0.006,,,,0.077,0.107,0.013,0.011,0.015,,,,0.041,0.067,0.033,0.021,0.047,,,,0.026,0.066,0.063,0.042,0.118,,,,0.043,0.059,0.045,0.043,0.058,,
5:59,0.056,0.036,0.006,0.005,0.006,,,,0.091,0.126,0.014,0.011,0.015,,,,0.035,0.055,0.032,0.024,0.051,,,,0.028,0.055,0.088,0.053,0.140,,,,0.037,0.049,0.027,0.029,0.044,,
6:29,0.058,0.038,0.007,0.006,0.005,,,,0.097,0.143,0.015,0.012,0.014,,,,0.035,0.047,0.033,0.026,0.054,,,,0.029,0.049,0.109,0.062,0.159,,,,0.034,0.045,0.025,0.026,0.036,,
6:59,0.057,0.039,0.007,0.005,0.005,,,,0.106,0.151,0.015,0.012,0.014,,,,0.040,0.040,0.037,0.025,0.055,,,,0.037,0.050,0.127,0.074,0.179,,,,0.043,0.042,0.034,0.035,0.047,,
7:29,0.057,0.040,0.007,0.006,0.005,,,,0.111,0.158,0.014,0.011,0.013,,,,0.040,0.037,0.038,0.025,0.057,,,,0.038,0.055,0.150,0.083,0.196,,,,0.048,0.054,0.047,0.047,0.066,,
7:59,0.057,0.041,0.007,0.005,0.004,,,,0.117,0.165,0.014,0.012,0.013,,,,0.032,0.032,0.038,0.027,0.056,,,,0.032,0.047,0.167,0.088,0.213,,,,0.040,0.052,0.045,0.043,0.057,,
8:29,0.053,0.038,0.006,0.005,0.004,,,,0.123,0.167,0.013,0.011,0.012,,,,0.030,0.022,0.037,0.027,0.056,,,,0.031,0.032,0.183,0.090,0.229,,,,0.031,0.043,0.036,0.039,0.049,,
8:59,0.051,0.038,0.007,0.005,0.004,,,,0.125,0.167,0.011,0.011,0.012,,,,0.029,0.014,0.034,0.032,0.056,,,,0.032,0.024,0.195,0.086,0.247,,,,0.034,0.030,0.023,0.043,0.034,,
9:29,0.049,0.036,0.006,0.005,0.004,,,,0.127,0.172,0.010,0.010,0.012,,,,0.027,0.012,0.035,0.030,0.054,,,,0.035,0.022,0.201,0.078,0.261,,,,0.037,0.029,0.023,0.050,0.031,,
9:59,0.045,0.035,0.006,0.005,0.004,,,,0.129,0.179,0.009,0.010,0.012,,,,0.026,0.011,0.034,0.029,0.052,,,,0.035,0.021,0.203,0.066,0.279,,,,0.039,0.026,0.024,0.053,0.030,,
10:29,0.041,0.033,0.006,0.005,0.004,,,,0.132,0.180,0.009,0.009,0.011,,,,0.026,0.010,0.030,0.026,0.050,,,,0.036,0.021,0.204,0.059,0.294,,,,0.040,0.025,0.025,0.057,0.031,,
10:59,0.037,0.031,0.005,0.005,0.004,,,,0.133,0.185,0.009,0.010,0.011,,,,0.025,0.009,0.029,0.023,0.047,,,,0.036,0.020,0.204,0.050,0.309,,,,0.040,0.025,0.027,0.060,0.031,,
11:29,0.034,0.029,0.005,0.005,0.003,,,,0.134,0.186,0.008,0.010,0.012,,,,0.024,0.009,0.025,0.021,0.043,,,,0.036,0.020,0.203,0.041,0.323,,,,0.041,0.026,0.028,0.064,0.033,,
11:59,0.030,0.027,0.005,0.004,0.003,,,,0.138,0.195,0.008,0.009,0.011,,,,0.021,0.010,0.021,0.020,0.042,,,,0.037,0.020,0.200,0.036,0.330,,,,0.043,0.027,0.030,0.066,0.034,,
12:29,0.028,0.024,0.005,0.004,0.003,,,,0.139,0.199,0.009,0.008,0.011,,,,0.021,0.011,0.019,0.020,0.039,,,,0.036,0.020,0.197,0.034,0.337,,,,0.044,0.028,0.032,0.069,0.035,,
12:59,0.024,0.023,0.005,0.004,0.003,,,,0.138,0.201,0.009,0.009,0.011,,,,0.020,0.011,0.017,0.018,0.036,,,,0.036,0.021,0.193,0.033,0.344,,,,0.047,0.030,0.033,0.072,0.036,,
13:29,0.020,0.022,0.005,0.004,0.003,,,,0.136,0.204,0.010,0.009,0.011,,,,0.020,0.013,0.015,0.014,0.033,,,,0.037,0.020,0.187,0.033,0.349,,,,0.048,0.032,0.037,0.073,0.038,,
13:59,0.014,0.022,0.005,0.004,0.003,,,,0.140,0.207,0.010,0.009,0.012,,,,0.017,0.014,0.012,0.012,0.030,,,,0.037,0.020,0.180,0.037,0.354,,,,0.049,0.032,0.038,0.076,0.039,,
14:29,0.013,0.023,0.004,0.004,0.003,,,,0.138,0.209,0.010,0.009,0.011,,,,0.018,0.013,0.011,0.010,0.028,,,,0.037,0.021,0.172,0.036,0.357,,,,0.051,0.034,0.040,0.079,0.040,,
14:59,0.014,0.027,0.004,0.004,0.003,,,,0.139,0.208,0.011,0.009,0.011,,,,0.019,0.012,0.009,0.010,0.026,,,,0.037,0.020,0.164,0.038,0.362,,,,0.053,0.036,0.041,0.082,0.043,,
15:29,0.024,0.032,0.004,0.004,0.003,,,,0.140,0.212,0.011,0.007,0.012,,,,0.017,0.013,0.009,0.007,0.024,,,,0.037,0.020,0.155,0.039,0.365,,,,0.055,0.036,0.042,0.082,0.044,,
15:59,0.040,0.042,0.004,0.004,0.003,,,,0.140,0.206,0.012,0.009,0.011,,,,0.016,0.013,0.007,0.007,0.022,,,,0.037,0.020,0.145,0.039,0.369,,,,0.056,0.038,0.044,0.085,0.045,,
16:29,0.060,0.055,0.004,0.004,0.003,,,,0.139,0.209,0.013,0.009,0.012,,,,0.016,0.011,0.007,0.007,0.020,,,,0.037,0.020,0.132,0.040,0.370,,,,0.057,0.039,0.045,0.086,0.047,,
16:59,0.080,0.070,0.004,0.004,0.003,,,,0.144,0.207,0.012,0.008,0.012,,,,0.016,0.013,0.007,0.009,0.019,,,,0.037,0.021,0.129,0.042,0.374,,,,0.059,0.040,0.046,0.088,0.048,,
17:29,0.099,0.086,0.004,0.004,0.003,,,,0.145,0.207,0.012,0.008,0.012,,,,0.015,0.013,0.007,0.012,0.018,,,,0.037,0.021,0.122,0.046,0.376,,,,0.059,0.041,0.047,0.089,0.050,,
17:59,0.118,0.104,0.004,0.003,0.003,,,,0.142,0.206,0.012,0.008,0.011,,,,0.016,0.013,0.007,0.017,0.017,,,,0.038,0.022,0.116,0.046,0.377,,,,0.061,0.041,0.048,0.090,0.051,,
18:29,0.148,0.120,0.004,0.003,0.003,,,,0.147,0.209,0.011,0.008,0.011,,,,0.016,0.014,0.006,0.023,0.016,,,,0.037,0.022,0.114,0.049,0.378,,,,0.062,0.042,0.050,0.092,0.053,,
18:59,0.179,0.143,0.004,0.003,0.003,,,,0.142,0.208,0.012,0.008,0.011,,,,0.015,0.014,0.006,0.031,0.016,,,,0.038,0.023,0.111,0.051,0.380,,,,0.063,0.043,0.051,0.093,0.054,,
19:29,0.200,0.163,0.004,0.003,0.003,,,,0.142,0.204,0.012,0.008,0.011,,,,0.016,0.013,0.005,0.040,0.015,,,,0.038,0.025,0.110,0.050,0.380,,,,0.064,0.044,0.051,0.093,0.055,,
19:59,0.211,0.180,0.004,0.003,0.003,,,,0.145,0.207,0.011,0.007,0.011,,,,0.016,0.014,0.006,0.052,0.014,,,,0.039,0.026,0.109,0.051,0.380,,,,0.065,0.045,0.052,0.094,0.056,,
20:29,0.214,0.191,0.004,0.003,0.003,,,,0.145,0.202,0.011,0.007,0.011,,,,0.016,0.015,0.005,0.064,0.014,,,,0.038,0.027,0.108,0.052,0.381,,,,0.066,0.046,0.054,0.095,0.057,,
20:59,0.216,0.192,0.004,0.003,0.003,,,,0.149,0.195,0.011,0.007,0.011,,,,0.017,0.016,0.006,0.077,0.014,,,,0.040,0.027,0.107,0.053,0.379,,,,0.067,0.047,0.054,0.096,0.058,,
21:29,0.216,0.195,0.004,0.003,0.003,,,,0.145,0.196,0.011,0.008,0.011,,,,0.017,0.017,0.006,0.087,0.014,,,,0.041,0.029,0.108,0.056,0.379,,,,0.068,0.048,0.055,0.097,0.059,,
21:59,0.213,0.197,0.003,0.003,0.003,,,,0.145,0.195,0.011,0.007,0.011,,,,0.017,0.019,0.006,0.100,0.013,,,,0.042,0.030,0.108,0.056,0.378,,,,0.069,0.049,0.056,0.098,0.060,,
22:29,0.212,0.197,0.004,0.003,0.003,,,,0.150,0.191,0.010,0.007,0.011,,,,0.018,0.019,0.004,0.114,0.013,,,,0.043,0.031,0.109,0.058,0.376,,,,0.069,0.049,0.057,0.099,0.060,,
22:59,0.211,0.200,0.004,0.003,0.003,,,,0.148,0.187,0.010,0.006,0.011,,,,0.018,0.021,0.006,0.131,0.013,,,,0.044,0.033,0.107,0.058,0.374,,,,0.070,0.050,0.057,0.100,0.061,,
23:29,0.206,0.203,0.003,0.003,0.003,,,,0.143,0.184,0.010,0.006,0.011,,,,0.020,0.023,0.006,0.150,0.012,,,,0.045,0.034,0.107,0.058,0.373,,,,0.070,0.051,0.058,0.100,0.061,,
23:59,0.201,0.204,0.003,0.003,0.003,,,,0.147,0.183,0.010,0.007,0.011,,,,0.021,0.024,0.006,0.168,0.012,,,,0.047,0.035,0.106,0.059,0.370,,,,0.071,0.052,0.058,0.100,0.062,,
